-- phpMyAdmin SQL Dump
-- version 4.9.0.1
-- https://www.phpmyadmin.net/
--
-- Servidor: localhost
-- Tiempo de generación: 29-10-2019 a las 22:19:26
-- Versión del servidor: 10.4.6-MariaDB
-- Versión de PHP: 7.1.32

SET SQL_MODE = "NO_AUTO_VALUE_ON_ZERO";
SET AUTOCOMMIT = 0;
START TRANSACTION;
SET time_zone = "+00:00";


/*!40101 SET @OLD_CHARACTER_SET_CLIENT=@@CHARACTER_SET_CLIENT */;
/*!40101 SET @OLD_CHARACTER_SET_RESULTS=@@CHARACTER_SET_RESULTS */;
/*!40101 SET @OLD_COLLATION_CONNECTION=@@COLLATION_CONNECTION */;
/*!40101 SET NAMES utf8mb4 */;

--
-- Base de datos: `db_4Buy`
--

-- --------------------------------------------------------

--
-- Estructura de tabla para la tabla `archivos`
--

CREATE TABLE `archivos` (
  `archivo_id` int(11) NOT NULL,
  `archivo` blob NOT NULL
) ENGINE=InnoDB DEFAULT CHARSET=utf8;

-- --------------------------------------------------------

--
-- Estructura de tabla para la tabla `categorias`
--

CREATE TABLE `categorias` (
  `idCategorias` int(11) NOT NULL,
  `nombreCategoria` varchar(45) NOT NULL,
  `ruta` varchar(45) NOT NULL,
  `id_subcategorias` int(11) DEFAULT NULL
) ENGINE=InnoDB DEFAULT CHARSET=utf8;

--
-- Volcado de datos para la tabla `categorias`
--

INSERT INTO `categorias` (`idCategorias`, `nombreCategoria`, `ruta`, `id_subcategorias`) VALUES
(1, 'Televisores', 'televisores', NULL),
(2, 'Celulares', 'celulares', NULL);

-- --------------------------------------------------------

--
-- Estructura de tabla para la tabla `ciudad`
--

CREATE TABLE `ciudad` (
  `idCiudad` int(11) NOT NULL,
  `nombreCiudad` varchar(45) NOT NULL,
  `id_provincia` int(11) DEFAULT NULL
) ENGINE=InnoDB DEFAULT CHARSET=utf8;

--
-- Volcado de datos para la tabla `ciudad`
--

INSERT INTO `ciudad` (`idCiudad`, `nombreCiudad`, `id_provincia`) VALUES
(1, 'Cordoba', 1),
(2, 'Villa Maria', 1),
(3, 'brasilia', 3);

-- --------------------------------------------------------

--
-- Estructura de tabla para la tabla `compra`
--

CREATE TABLE `compra` (
  `idCompra` int(11) NOT NULL,
  `id_usuario` int(11) NOT NULL,
  `id_producto` int(11) NOT NULL,
  `cantidad` int(11) NOT NULL
) ENGINE=InnoDB DEFAULT CHARSET=utf8;

--
-- Volcado de datos para la tabla `compra`
--

INSERT INTO `compra` (`idCompra`, `id_usuario`, `id_producto`, `cantidad`) VALUES
(1, 1, 2, 1);

-- --------------------------------------------------------

--
-- Estructura de tabla para la tabla `imagenes`
--

CREATE TABLE `imagenes` (
  `id` int(11) NOT NULL,
  `imagen` blob NOT NULL
) ENGINE=InnoDB DEFAULT CHARSET=utf8;

--
-- Volcado de datos para la tabla `imagenes`
--

INSERT INTO `imagenes` (`id`, `imagen`) VALUES
(1, 0x2f396a2f34414151536b5a4a5267414241514141415141424141442f3277434541416b474277674943676749434167494341674a42676f4843416f4b427738494351634b49423069466941644878386b4b4367734a4359784a7838544c5445744a536b754c6a5975467974474f444d734f4451744e43734243676f4b4467304f4652414e4653305a46526b724b7930724c5463334c5373334b7973744c5373744c5373724c5330744b7973724b7973724c5373724b7973724b7973724b7973724b7973724b7973724b7973724b2f2f4141424549414d674179414d4249674143455145444551482f78414163414145414151554241514141414141414141414141414141427749444241554741516a2f7841424f45414143416741444177514d4377514644514141414141414151494442415552426849684d55465259516354496a4a4356584631675a47787752515746794d7a556e4b546c4b48524a454e696442556c6b744c77434552465531526a5a47567a676f504338662f4541426f42415141444151454241414141414141414141414141414142416751444251622f7841416a455145424141494341514d4641514141414141414141414141514952417a455349534a5242424d79515745552f396f4144414d42414149524178454150774363514141414141414141414142713878326879664c70647278755a5954445766557376555a2b6f772f6a72737a343677503377485141352f3436374e654f73443938506a727331343677503334485141352f77434f757a586a72412f66443436374e654f734439384230414f656c74767378486a4c4f38416c31336c507837325638653566392b4230594f667032313259756b713638387936553550524a346c5231395a764b374957525536357873684a61786c47536c4753366d674c674141414141414141414141414141414141414847646c4c614f3749737354776b747a4759792f344c545a7a304c545674646568325a46485a326a7656354a48567053786c792f4a667145573652444f5674387057324f79327963745a546c724f55706462504658506e684c5871677a6f6f7755456f78536a4750424a464c313657614a776631682f7742767236527a2b354c366b2f374444684c68704758653864594d336b6b2b6c6c4454367966382f77445366575834615453662b726e2f41493942366f796644636c727961616278746d6d644673396c57346c6a7352486a793461443848726675395a46344a4a363130782b7075563949344446305969556c4659664561522f7743476e3333714c5077544566374e695077302f7742435947322b642b73386576532f57552b332f585437312b45507643596a6e773249302f6c702f6f5346324864724d586763796f796245585474792f477a6456646335373377572f6d613135452b526f366644596d6d6d4c33364f33574f32703730374f356a424e4e7254546e303062367a6e637a71773839703867783946454d4d38566e6b653251676c474d64476d7554547030497547707466486b33644a2b41514f626f41414141414141414141414141414141384971374f666535442f503265346c556972733539376b50382f623769636531632f7872685775556f614c6a61346c4c3050546b65427461614b5845757651793873774c786c6d6a316a54446a6250334c725a4e314a757259377431467a493871574a6b72376f2f4d516c77692f33382b6a794c6e395230747235463048734978726a474d556f5168485345563373596c74765856737a5a587972304d4d4a6a41706253504a324a6368596e5a7152704f31553744553376584f746c75724f342b3147624f6157726253696f367474393745352f415a6b736474426b4d61313878546d3953726c3456736d31712f4a7734455a7a3231666a76766a36545143426c617741414141414141414141414141414141694873357635374a762b6f766179586949757a6f6f717a4a47705066642b363436643674586f2f623669636534726e2b4e635533796c4c5a5333796c56554a32796a58576e4f633561515338493962576e7a2f643076344c43573479324e464d584a7669326c76626b65647336334334565552574871673175627961384b5575647378387577636348576f4a36325334327a5868793650495a317330705972546c555a66326456715a6554507975703039446834706a4e337461763168334d6b34766431302f684c467662464866635a4b4c3365506c35436d2b325472726133766f4c57395071612b7a5570746264754c36506739722f3764467037745051566a7256756173336439786c75637576384144302b5173746d54503665392b443269312f3841693034656a7666794f5a32687a62344e463457695837525a483579532f635166765a614b3236596d3065626473637346683564777061587a54372b58517572704d585a4a615a336b586e656e326d726845322b7a4456656335484b5430556332716d332f4141706b636b396c707858664a4831476745444733674141414141414141414141414141415047524432646670636d2b3337325338794a657a78464a5a444e4a6230735a62427671576d6e745a4f5063567a2f4775433474364a4e747930535230325559425953486262557668466b65502b366a306558704d504a73436f6159713564302b4e4d483450572b766f4e72724f66434b5a36484a6e2b6f3872673464653671374c75686c43636e70597234516c33543163393263663841365678777a6647544b316836317a616e446361394d532b7554316c4b2b46736c30576230704361735556423469456f4b55556f717a656a2f414957706d716d433846466a48573059577432324a506d684664394f58514e6f7361545063336558303971566a73736e48536d7666336f52363275686530346875566b7057574f55357a6c767a6b2b2b6c49364f334c503655756e644b55363553372b616539434d655a4a4d784d58733969384e724b43574a72586856727534783631792b7255365936726a6e613173455a2b534c544e4d702f6e342b777834566d78794374504f4d696a4a617157625167302f436a7169334c505a564f444c664c492b6e45416765653959414141414141414141414141414141414970374f61546c73326d745538306e772b747945724555396e4876396d664f3739714a6e614c303139644c6b323563467663686b52536a775330505879767979426f5a704e44415047306b32326b6c4856742b4342546462436d45724c476f776848567335693264326158755847464d4f432b724350523557583862694c4d7a74375653334843317934792b764c702f517a714b59565255494c5249744a74797a792f554b4b59317855494c524976786949784c73555763354e74626d475430347657635571722f414b3658637a387139356f386f773975487a374971726f754534357644566657347269756c48597047737871537a725a56364c582b6c354c587775596a504f2b46692f46787a376b796e61646b416759336f414141414141414141414141414141414246505a782b6b325938377939714a574971374f5066374d2b64333755544f30566a7935583971514575562f616b44517a427a5766357a517050435045776f70692f32697a58656c50715358466c726248614a34474c774f456c2b3132512b646d763831672f652f7949386b357a6b3553637079664b32393651567464785874526c47485372716a695a786a7a786f3364373173324744326b797139715077683079664972713356483138684736726134364876456d5775566b54464453535469314a536a716d6e76526c48796c31496a4449732f7857575453546c6268584c35326954376e643656304d6b7a42596d6e463031346969616e565a4466692f632b686b375449764a47717836307a6e5a507a7a4c334734534e546d4b307a6e5a547a7a4c33464d2b713638553930546b6745444f31674141414141414141414141414141414246585a77372f5a6e7a784c326f6c5569727334392f737a35336674524d375257504c6c66327047426d2b597241307a6c464b6433617032516a39574b3533316538794d62695934654c6b303532536e4b4656616664577a36504a30766d4f667a6d716177654b74736c763332397156733133753771754336456a546a4e335446795a2b4d74635059724d525a5a6461355473736e4b7979543736556d5836734975566f79363655754f686b4b43526f7834354f336e5a2f5558394d42345266564c466d4530356a6362714b5a56703878613863556e4e6475657470636551363373655a684b4e312b585462634c4953784e4b66677a584b765375506f4e4e6961567834467a5a564f764e38763366437844672f73745055345a343662654c6b386b7070476e7a52615a7a736c35376e376a6470476c7a62686e4f79586e7566754f4f6656624f4f65364a7651434277615141414141414141414141414141414141696a73357653577a543476544e355068364356794b4f7a7079374e65647065346d646f7654554e5373736c645a6f3576655556344e554e655265393835627a44444f2f4458314a61796c564a782b30754b39686b70635839715258464779656e547a62504c74776b56703146534e746e6d58536f6e4c45567257697957737450335533376d6170493079376e6f387a6b77754e736f4e443038304a633175324f715a6d62475946335a6b72327534776c4537472f77434e7264532f4e7630466d464e6c306f3156516c4f796374794d59727570534f34794c4b343564683158334d72724a647378453134552b68645335446a7936303366535332372f55624a49306563384d3532523839793978766b6148504f476337492b664a662b706c7a3672314d4a36784e7941514f4451414141414141414141414141414141414555646e5476746d664f3876635375524e32644f2f3259582f4e702b31457a74463659576e462f616b564a464f6e462f616b5670473354447036347153616c4653546a6f303176526b616a47624f31324e7977316e61572f336331765139484f767a4e79697443577a70584c6a787a6e72484b5332667a42505251716d756c587150744c3248326278556d6e645a5656486e33583232663648554971526135317a6e306d47392b724679374c4d4e67552b3152637248485356732b366e4c3946314932434c614b6b796c336532724847597a556d6f7549304765762b75646b66506b76624533795a6f4d38663841584f79486e79587469637335365631773769634541675a3359414141414141414141414141414141423452422f6c42546c4376494a786b3479686a4d524f4d6c79786b6b6d6d532b512f3841355133304f52667a4f4b39694552656e4e374e3753565a696f30596d556173636f3661643744466461362b6c656f364e454d704e614e505272696d76424f6f7962612f45345a527078305a59756c6346596e7534694566592f5478367a624c3873666f6b4246615a7263757a6e4c38636c3847785663707639334e3971746a3648376a59726879725174704d697446615a62544b6b7870615263545055793162625854467a74736856426373724a714566577a6e387a3278774f4754686845386264794a78376969506c665036434b577964756878574b6f776c633738525a43717145645a546b2f793633314845315a374c4e396f646e39324861384c526e4e5377385a642f4c5672567679364c687a47677a504e4d5a6d64697378646a6b6f2f523178376d7172794c333870663257576d64354375662b6d61582b614f584a66536d47653835492b703041675a6d6f414141414141414141414141414141414f45374c327a562b65355170594f4473787558332f444b61343874384e4e4a4a64656e466551377341664772636f747861635847576b6f7957374b457568726d50642b5856366a366f7a6a59725a764e724a596a483552684c72356439616f756d32666c616131394a67664a6a7362346b702f4533663369664b2f4b76685068387a37373464526d34624f737a7732696f78754a676c795237593552395431506f78646a4c593166364570666c7674667650506b79324f3853302f694c66314a3837386e6850684244326e7a654372307a53456e4b477374374331793366794d5337616a4f724e553877746975543575454b743731492b67766b79324f3853302f694c763148795a6248654a6166784633366a7a792b552b4d2b487a5a666a63526539363636793658545a4e7a6c2b5a52322b7a705871507062354d646a66457458346d3739547a354d4e6a664574583471372b38504b2f4b50444834664e61784e7135342b6f377a7351624e34764e3833772b6132317a575835646238496c624a6478666375534b366550466b7431646a58592b71536e4849384d35523472667474746a366d394470384e6836634e58436e445531305531725375757574516842645352467476644a6a4a31463841454c414141414141414141414141414141414141414141414141414141414141414141414141414141414141412f2f5a),
(2, 0x2f396a2f34414151536b5a4a5267414241514141415141424141442f3277434541416b474277344e45684151445134514542414a4541304e4451304e445138494351304e4678305746685552465255594843677347426f6d48424d57496a45684a536b724f6934784678387a4f444d744f4451744c69734243676f4b4467304f4768415146797364465230744b7973724c5330724c5330744c5330744c5330744c5330724b7930744c5330724b7930744c5463744b7930744c5330724b7973744c5330744e7930744b7930744b2f2f4141424549414d674179414d4245514143455145444551482f784141634141414242414d4241414141414141414141414141414141417751464267454342776a2f7841424b4541414241674d4343416b4a42416b444251414141414142414149444242455349515548496a46425557467842684d6a4d6e4b426b6247794a445643556e4e306b7148424644524530544e4456474b436f744c77385264546b79566a6f384c682f3851414767454141674d424151414141414141414141414141414141414d424167514642762f45414377524141494341514d444241494441414944414141414141414241674d52424345784252497945794a4255544e43497a5253426851564a49482f3267414d41774541416845444551412f414f346f4145414341424141674151414941454143414241416741514149414541434142414167415141494145414341424141674151414941775367444655414655414655414655414655414655414655414655414655414655414655414655414655414655414655414655414655414655414655415a7167417167444b41424141674151426841456268764330475167524a6959645348414653414c54336b33427252704a4e77437658573576745244324f53542b4e69656978433242446851414c374a48326d4b776676453357716141463171656e786b74775565346959754e7a436254546a4733485078454c386b5330644d51394f582b6a4463626d456a2b74482f42432f4a52485330734f79582b687a4278705955695a6f7a64786751767954346450706b6966536c2f6f772f476c68515a347a6276384173517636555070314d574870532f30616a477068542f65622f7741454c386c482f517044307066364e3359314d4a6e4e46594b3642416830486146502f6a3651394b582b6a633430384a777943364a446544665177477461657741714a394f726a7752326e5165416e44786d4643594d5667685444473859304e4e7142486861584d4a306a5330356c7a4e54704a566535634277585371796b746248507548574e4b567756454d76445a396f6d4755343057754b6c344a4971413577424a64516732514c71336b4b6543506332734970687834544a7a515a5944555963772f35315535675469622f41464d74783454497257444c456b5a4a454f5946447446622f6b6a756757394f5830494848704f66733075514e4e694c662f4d6a756756634a7634324d6636377a6e374e4c6644462f71552b306870662f544978367a7569566c2f67692f3149396a4a554c4838436f783454656d444c445a785578642f4d6f7a576958586176677a2f72644e61594d727534715a2f4e4864444849656e62465961797964344d34364a6559694e677a3049514f4e4961325968754c3563453572625843725274716161614339517350674f783533574472445458725657747947626f4145414341416f4135396a616948695a566e6f766a6c35323242643469756c3032436c4a763649354f425330596750695773754b35314b69315853543830367a5575754c614c4a3447736650654c394b5248554f5965304742616f5a44326b7067345a515851302b556932596d38307a4b4f39586d6d32475969466c5577777a4579304977777a45576e6863336372584c325a524f53795974497a6d54556d344739733178663841433855492b5a5750564a7a6f794b6b65686f6a37494a3951456e71465677455477655a634853725a6d596952342b553534455a78634c645973567a3375645453637753374a595a334f6a61654e32572f677345535367557178354471584177374c436272732b3955325054777a773472416b4942395272687379584937554f634b666c4136575a7061573732355079526d514e516c44747769755450424b323933467a454a734f4d3630512b72596a64673064796e766b656275364b2f55372f41494c46447753396a51474270617741436c4858414b7671785051567871696b7343543442627a3255326c7171344b592f747166776852737642714158757332774334516863796c3767436131726f5761634a52464e547833646962496e68446779587477335153586a6a594d4e7a3351784c76633135737561514364615a7037486e427775723658756f395677784d377869376d585273485354336d726842454d6b357a594a5a553954517438306554525a6c5173436b415141464148504d62484d6c506152764346314f6c6275525439346e6e597843414b6569584875534e586a59766e63315a4563346d3136497536797161614b59446869365564674a47514e434e363230386b5a484d364d70614c5673475271536c4535414642475265664e7a647974617661435a50597576764d723737422b697833663135465a486f6561356a2b672f754b38396a4c5266345a3578774153432f62436c4f35367961367a736d6a302f2f4866435a4e427839565a493667394541594861434e7a6b2b4f7049794c77574f4761317572615670586c4a73644e44547a32647255763152556d4b5135474554566d536462445a2b536c7a4653734852685855634c5132684c62462b6f786a4d594c626e626d4f63446e424f6a4c326d6d477034495044736e7862496267616a37524b442b6471725248336d48713932644d7a72754b2f7a5a4a39474e34337270322b5234794a613072354a4d715142414155416338787363795539704738495854366235534b507a696565494573364c637a6e4e4e5143624e65744d73306a735342386d7a7853745767506562374f53774459417155365a77444a6c6857754b4449396c44516a6574744b334b354830376e33686172567347526d53732b436367436a415a467030354c64795a63766152466c68786348796d56392b672f52594c7636386957656835726d5036442b34727a7564304d2b4765623842476864374b55376e726e3953575a6f39502f414d64384a6c6768757175596a3054466f5452715455784c5a49516f4e526144626866585a72334b32356c6c62754c516f524e61416b41564a41744e41316c53696b374d43374944534b3030307274557069334d5541417564707a4570795258754e5973496a2b38364673536e6a42584f46544b516d6b5865557964516466474e76543665544e314b57644d7a70654b2f774132536e526a654e363646766b6556687757784b2b53786c534149414367446d574e6d4b376a4a4e6c636b736d596c4b656b43775637435631656d4c646970386e464f4330527259384d7668386131727175684532654d4770626f51376b795a50597877686d57526f3852384f43494c586b5759514e716c414258727a3961576f64675a47444665745a5a41386c685537727a553261426136396d5662483079366f4737534d3631546c7356794d796b73746b78565167794c7a764e5a74435a62346b4a6c69786266654a5833364439467a372f3638697836496d75592f6f503769764f66734f6669656238424d63357a364439564b5650553959756f50336f39502f7741666e694d6978515a633665774c6d3766523335574966774a4e357a447452755a5a334a45374b344b65357263692f6979336a62566d7a5774314d3131534f744e55396a6b3236684b58494d775a45595354366a68647a6561614b71653561656f6a4b504a6777334141574d6c724c5847564c61754972666f7a354e4d3979732b43495445794c5170532f55644b69757a4448706f3167754979585a73774a357a54714b317471534c537733735133444f44534131326c737a4a442f794e56714669527a2b6f5461705a654d55305576776241722b71664d4d46426f4433666d756c6435486e49467a53766b755a514149414367446d474e6763744a657a6d752b477576307639684d2b54696e4278316d4b776e305857694e6136576a3379567365776e6862394937625475564c2b51697875774b7346677378334c43396159386c4a4d6b6f734f72612b71466f6b7468575269344b6a475a4e4346434449356e526b4d33465874385349736e38576f386f6c66666f48637566662f586b58505245317a4839422f6356357a396b615031505050425a774269562f77427554376e724c72595a6d6a30585156375a466a687a4d4d61623954526265656f4a45644f33796a7575444a4b566d7a6f685033754962386b5053497957564d6d4a544346426c4d66314f446d3969564f72744f665a5133386a2b484e68315266556755427964367a3265307a7967342f4a68304a726851747633354e56534e7555455a344e424b74316452556432347a3154574a67305047546361556f637854367241562b476970384e3445526b75413463325a6b67646e4b4e585170335a545732526c537933346f664e734c327331347975686435486e34463253506b755a55674341416f41356e6a5759654f6b6e554e6b4d6d6d3271585771734e4e39417574307837534532636e443842446c42765855306e49757837476b2b617663547256622b535943554d4b6b43574f6f51576d484a52736c794b7768734b3250675332527a776b53474a69644573746b64546f354e6d3470316e6756692f63796478626a796957392b67647935326f2f72794766736a30504e63782f516633466563586b6166673839384535515254457445305a446c4b675a7a6339577361376a3048524c653245693579736d78747a5730367336544b614f725a646b6577344131664a496c4d7a656f4f59554d444d73316b7855705a48554d6a534f78594c47496b736a6b47763050357048634a5a7351546d7a743061315a4d68534649547169757250367756382b34724e624664786c454f6b77645032724239434e504b74585230646d5a344d326f58734a6a4645434d4777613659733052555a78624b3746764a7a3463463253695151534341416f4135316a546a4e7453635030695938544e645a4161337471517570307a69516d336b34566749636f4e3636756b3545575059546e786c75336c462f4a614a6f774b734330687a434366486b5532544d4156686e59567358416c736a596f534a44557849684c4a79504a77636b7a725472504170462b356b336933484c793376384475584f3148396551356553505173317a4839422f635635316552735842772f4631434475504a3947484a44355245725550456a70644d6549794c7343427a523130574f557a715a79594d51374e31566e6c4d6e744e7845316a724355336b6a744e54477074483877536d67375253464d326479524f47436b71795267524775764858524b557347536363436a32574d6f58317a6a31676d7865536e646c4651786852504a6859646b784a6d524a61656343497256733047396f72554c2b4d74574b754948594e6c6166712b505936374d34506455664e656774354f5a48677543575343435151414641484e4d61544478386961476e467a5172544a725668705858526458707a326b5a372b54694f4176306a6436366d6d35453276597868415a627435553363685739684e6756496c736a6d45466f6955624a6d5146574f47797131524d383252306358705568735749454a5a59657a5935466d3870732f4170462b356b7869342f54793376384475584d3148344a443476334939437a584d6630483978586e763252734f49597569504b4b2b70492b4749732b74654a6f366653316e4a6249307a54534175633548616a53786f5a6975596a71535a5348656d4c4d655643614b4f4b5173302f35513843326b4c73465575517675454a6959664263484e303578364a57535a654e555a6b764959555a47464d7831485156486473632b37542b6d396973347734492b7a68772f61704c4e37527136485435667a497957796c3657355a4d55492f36644332785a6f6976544b394c66356e4e6a77585a4a4a4d6f4a4241415541554447682b443972483849585336622b786e76354f445943484b4e33727236586b7a3276597a6845636f37655661376b4b33734a4d4372456e493568684f6956624a6e425975634e5957714a6d6d78684d74765370444973616b4a5130667a49354275776c4f6c34436f76334d6c385850366557392f676479356d6f2f42493052386b65684a766d5036442b34727a79386b626a674841364b57694e513836484a313748724631422b383776526138706b364b755035726d6478364278534a475567444f51315a724a4761796543596c6f44615a68314c4f37476a6e5757735845737a55712b737a4e367a4d385547364d367647317373374d6d496b426a726e4e44686f7146453253724a495a544d6b7874384d427062654b5a4b72486362585a33503346543458547233516d73633532564d7964576b354e305271367654342f7a49567259783948593650697638325366526a654e36394264356e41695778554a4d6f4a4241415541554447682b433972483849585336622b786d3158696a672b4178796a6436362b6c354d3933696a664351355232387139334a465432456f5956596c6d397879774a7146736c38455a366177566f674974476b36326a6a76565a46344d5a454a49316b6848486b34324f4b632f4153764d6c635850366557392f676479356d702f424931562b5236446d75592f6f503769764f72794e78353834497670787532484a397a316a36672f656a3048524f47574b47306b3665706375534f3832536b7044706e4a33465a5a706d4b32524c7967622f5957655a7a72574f624b546b7a4931634b486672546135463077714e437450636b5a7a37477542766f5265706a4162564c33496f2f43754c6b4d46425837524a33673276316a5631656e7778636964644c2b466e543856336d7954364d627876586674386a7a306543324a5879535a55674341416f416f4f4d3738463757503451756c3033396a4c71764648423843446c47373131394c795a72764643324578796a7435544c75534b6e7349773271735357397879774a714b736c4d4538346255364a6e744e4d4a736f343731456961325262676b6d676b6f67386e2f69546e344346356b6c6936484c793376384141376c7a4e542b43527272386a30484e63782f516633466565586b627a6758417072535974663841626b36414175646d657566314e346d6a7439486e68534c6c436744314848736175583670315a576a75445275646a6874756331566b307a504b655352687732754652326a4a636b4f4f54444b5152513575664d4e4b553678596d596749564648425a496a34737a544e6f7a725a56586b66474f53506d7030307550617463644e75683963456d697263497068726d4d464c7a4d796c34366256304b616532784d58723865697a72474b377a5a4a39474e3433726f322b5235325042624572354a4d71514241415541554c47642b433972483849585336647a49793676774f455945484b4e365831585730356d753852786851636f37656d32386c617542474546434a6649345945776f795177626334623032496d30567779796a6a74524d696c6b4d384a444e424b4565544859354f66417239782f6938484c793376384475584f315034704771727950514d317a4839422f6356353165523057397a67764169505934366d6d484933303250584d36732f656a71394d57557931444354782f39433543334f7036614845444444505462324a69716b784d36636b744a5463463937485a383439496453704f71636544484f746f6b486b557676423068556a6e3545647a52427a777345307a48514e47354e6a57704771443769486d59742f38416436325631594e6356676a5a6c32706447694734784c63674d4d456b51383333695576412f6661756d365034386d505866694f7959722f4e6b703059336a656b322b5277596c7353766b6b797041454142514251635a2f344c3273627768644c70334d6a4a712f4134586755636f4f6c395631744f5a727645645956484b4f3370316853726752686851697a35463242584b4d6579584f47384a7352647641387732793848574b6f6d4c705a417643517a556957594b797a746a676e5067522b343878652f703562332b42334c6e616e38556a585635486f4361356a2b672f754b38386c75644c6b345877416c4446342b6c4d69484a43383749693476575a596d6a626f624f784d7544384576706d616574637570345a765637474d7a67386a4f326e6858567174696b4f566a59784966434e623774495736714d4a636c35595a4c536d4658307a31476f7162656e4b65364575704d526e35386d2f7657654f696353716a326b4e4d54646570624b3949324e55736a534a45726d2b533056304f4d68795a46595435724b2f7445706f2f6661756c6173556d5057762b49374e697638414e6b703059336a657562623548436957784b2b53544b6b41514146414642786e666776617876434630756d2b556a48726641345a6759636f4f6c3956317166497a5765493877734f556476547265536c516844436863466d4f476858534b4e6a71577a6a656d4958496b384d74713170316853784e584a5734677653576266676d4941724c5032454a6e775a35655348574c346555533376384475584f315834704779486d6a7638337a4839422f635635343658427733462f4e63554a6a57356b6c54345969783637534f2b324f446f64507137307979786349755070646873714b2b6c733671705132665075306b3971302f2b4c5a62735345587a6a5858485464564e7230636f43356f61526e324c32476c6442357133776779725777674d4a4e636244386c783045354c7479637145305a76572b78724f454e76476e4e5251716e466b4f785067615134312b5466585574666f6479513646716145384a6a495953622f7445706454393971587136757a547354724c5632594f795972764e6b6e3059336a65754e5a3548486957784b2b53544b6b41514146414642786e2f41494c3273627768644c70766e49786133774f485949484b4470665664616e794d316e6950734b6a6c48623036336b58554951776f5842646b6c4a53624972585669745935704141667a58436c3556584d6849634d6b327470797a44645567665171305a6b54513877694b776d48596e737956386c5a6969394b5a746a7754456f3379614a73494b5a3847617a79517677412b38533376384475584f315834704732767a52332b61356a2b672f754b383874354936664c5050484271505945576c4d71484a357a5a305058553074616e4a352b4471644e6e32706b694d496b473841376c75394a4936616d4f575472483739696e474347784b4f3843385a744a4831566c474d685535434d574d526e7a484d65633157644b52527a496a4363777837614f4e434d7a686c4b735964706731545575434f6834586951386c2b55426d4a796c614b544d554a4f5049356c384b4d4e39434e67496331626136634a413758475269646e375a684e4870523558507365315a4f7056662b75784c746335594f363472764e6b6e3059336a65764d322b52654842624572354a4d71514241415541554847642b4339724738495854365a35794d4f743844694743687967365831585770386a4e5a346b686863636f37656e57386936684347465663466d4f47476e646d566d566246574f4f6e75566b56624a6d59465941324b374d71354b7648463654493378344a6e4234724c7865704d6a775a72504a4376414c37784c652f774f355964562b4b5274703830642b6d75592f6f503769764f4c6b366135504e6d43596248577734565046536c447175657539307a6952723072325976466b58692b47343771326c315455334b50416c446d484e4e4835786e4979584a5571736b4c555938687979623148714f6c51712b30724c556f7a397141426f4c73376d6174793051676d4a657049696444586e4a7a61697275704d7954733768673657422f79712f39614974574e41494c5236613151726a424969556d77686c76475162366e6a35656c4f614d734c6e64556d6e51776a6b394659722f41445a4a39474e3433727964766b586a7757784b2b53786c5341494143674367347a7677587459336843366654504f5268317667635377574f5548532b713631506d5a7250456b734c446c436e576971687643437175437a463268584b7333617052526b34775667485956646d62354b784d692f72535a473648424d594b484952647754493847657a7952767746486c4d74372f41414f355964562b4b527470383064396d75592f6f503769764f726b366e79656138446d6a6e5830354b56303264443133756d63534e4f6d657850516e3633646f744e585362776457756363626a48436b6f3177727a546f494f53553275527a3958563362784951687775314a33705a4f533573304d5a384f2b6c70756b486e424a6b6e416c626d726f734e3937585753644235716a314d6b714f42724744393431696a32714733396a564a434e673765784875614a324e34417045672b33675866784259656f5a39426b5a52364f78582b624a506f7876473965637438695938467353766b6b797041454142514251635a342b346e5278373231326c6f70334c6f644f6c377a4872492b30347267345569626e555061753146346d596d38774a4c4334355170746946556a65454643577864344667464f536873417079425053417242654e5171725a4d6b2b37754b7a4f74796a7653704e6d324864326b766759636a47364b764463525938544e75417a664b705565745051694f6f564b78617434716b62745076493735484670726750536134447242586e654f44712f4235646b7074734f4941362b734741584e31326251507a586f4f6d546a6d6664383447307977534a776e556b744753546b69755a64727368396c33657a595474646f4f634b564748324a6c71474d59344176626d7a304f684e6a4b50325a486c69526d576e5a7630714a4f4832523273595449626e707037566d7472672f6b64485952347575617152476d50325863686142426f357066567a5151584e725a7444556d786f654e35624564347447346f526f4a594c4675504c555a7442466f7244314b4d61364d4a376b5a5052474b2f7a5a4a31394a6b567733463779506b764e3250636c46735379774b5142414155415637686a675134516c6e516f6267794e4463324e4c76634b736247626d74624343516436645262366378646c66664534644f34486d70614d54486c6f6b456c31707a4330766856306c6a686357317a4c765558786d38354f645a533478444344626272546130494764723275376c706e4e66596d7570694c494c686f5077762f4143554f612b7966545971324534356d754f774d65373649395350325236544d6d43385a325047307733742b696e31592f5a50704d6b7348546a474e633134654c596f44786233665254367366737a325554795255374c32695330312f68694e2f77445656646b66733052716d6b504d48506444687659324739373467737459786a33583679614b50576a46636c485135544c6c693134497a4c49725a75636847457957447a4c775833526f6b5a346f597a6836494175414e2b6c63585761727569306a70556166745a314a63374f445975447a746a4e78655473724d506a79634638615669756952474f67744d5238754845754d4e37526541484631485a71455a694535546c2b724b70345a516a497a6739635530467a6d6c4f39612f3749376b48324f64395a2f7741626c4872332f59624239696e665766384147354872332f59624752677565506f7844584d52614b502b78663841595a526f63487a6e3731326930556576652f6b4d6f794a476331762b4d6f39572f774377796a50324b63395a2f7741626b4f2b394c4863477850634565412b453849526d5749543273726c545556726841684431716e6e455a77305671615a7336584f55732b3935444b50554743354a6b72436777495170446c59634f4644427a32476967727475534a504a5a447841475541434142414774684147437a2f42526b4448464e3144345170376e396b5951635533555068434f352f5959526e6978714859455a59595163574e5136776a4c44426a69687148776848632f734d494f4b6271485945647a2b7963475244417a4473466c475752677a5a5545685a5141575541616d47446e41336b416f7941635533555068434d6748464e314434516a4947517a2b36494178785464512b45497941635533555068436e4942785464512b454b4d6762575541416167445a414167415141494145414341424141674151414941454143414241416741514149414541434142414167415141494145414341424141674151414941454143414241416741514149414541434142414167415141494145414341424141674151414941454143414241416741514149412f2f396b3d);

-- --------------------------------------------------------

--
-- Estructura de tabla para la tabla `Marcas`
--

CREATE TABLE `Marcas` (
  `idMarca` int(11) NOT NULL,
  `marca` varchar(45) NOT NULL
) ENGINE=InnoDB DEFAULT CHARSET=utf8;

--
-- Volcado de datos para la tabla `Marcas`
--

INSERT INTO `Marcas` (`idMarca`, `marca`) VALUES
(1, 'Phillips'),
(2, 'Lenovo'),
(3, 'Motorola');

-- --------------------------------------------------------

--
-- Estructura de tabla para la tabla `pais`
--

CREATE TABLE `pais` (
  `idpais` int(11) NOT NULL,
  `nombrePais` varchar(45) NOT NULL
) ENGINE=InnoDB DEFAULT CHARSET=utf8;

--
-- Volcado de datos para la tabla `pais`
--

INSERT INTO `pais` (`idpais`, `nombrePais`) VALUES
(1, 'Argentina'),
(2, 'Brasil'),
(3, 'venezuela');

-- --------------------------------------------------------

--
-- Estructura de tabla para la tabla `productos`
--

CREATE TABLE `productos` (
  `idProductos` int(11) NOT NULL,
  `titulo` varchar(45) NOT NULL,
  `precio` int(11) NOT NULL,
  `stock` int(11) NOT NULL,
  `imgProducto` int(11) NOT NULL,
  `id_marca` int(11) NOT NULL,
  `id_categorias` int(11) DEFAULT NULL
) ENGINE=InnoDB DEFAULT CHARSET=utf8;

--
-- Volcado de datos para la tabla `productos`
--

INSERT INTO `productos` (`idProductos`, `titulo`, `precio`, `stock`, `imgProducto`, `id_marca`, `id_categorias`) VALUES
(2, 'Televisor', 234, 2, 1, 1, 1),
(3, 'Moto G4', 10000, 2, 2, 3, 2),
(4, 'Moto G2', 3000, 1, 1, 3, 2);

-- --------------------------------------------------------

--
-- Estructura de tabla para la tabla `provincias`
--

CREATE TABLE `provincias` (
  `idprovincias` int(11) NOT NULL,
  `nombreProvincia` varchar(45) NOT NULL,
  `id_pais` int(11) NOT NULL
) ENGINE=InnoDB DEFAULT CHARSET=utf8;

--
-- Volcado de datos para la tabla `provincias`
--

INSERT INTO `provincias` (`idprovincias`, `nombreProvincia`, `id_pais`) VALUES
(1, 'Cordoba', 1),
(2, 'BuenosAires', 1),
(3, 'Bahia', 2);

-- --------------------------------------------------------

--
-- Estructura de tabla para la tabla `usuarios`
--

CREATE TABLE `usuarios` (
  `idUsuarios` int(11) NOT NULL,
  `nombre` varchar(45) NOT NULL,
  `apellido` varchar(45) NOT NULL,
  `contrasena` varchar(45) NOT NULL,
  `usuario` varchar(45) NOT NULL,
  `email` varchar(255) NOT NULL,
  `imgPerfil` varchar(45) NOT NULL,
  `id_ciudad` int(11) NOT NULL,
  `productos` int(11) DEFAULT NULL
) ENGINE=InnoDB DEFAULT CHARSET=utf8;

--
-- Volcado de datos para la tabla `usuarios`
--

INSERT INTO `usuarios` (`idUsuarios`, `nombre`, `apellido`, `contrasena`, `usuario`, `email`, `imgPerfil`, `id_ciudad`, `productos`) VALUES
(1, 'Nicolas', 'Morero', '123456', 'nico2000', 'nmorero00@gmail.com', 'perfil.jpg', 1, NULL),
(2, 'ignacio', 'morero', '123456', 'ignamo', 'ignamorero@gmail.com', 'perfil.jpeg', 3, NULL),
(5, 'jose', 'morero', '123456', 'josemo', 'jose@gmail.com', 'perfil.jpeg', 1, NULL),
(10, 'ivan', 'morero', '12345', 'iamo', 'iamorero@mail.com', 'perfil.jpeg', 1, NULL);

-- --------------------------------------------------------

--
-- Estructura de tabla para la tabla `ventas`
--

CREATE TABLE `ventas` (
  `idVentas` int(11) NOT NULL,
  `id_usuario` int(11) NOT NULL,
  `id_producto` int(11) NOT NULL,
  `cantidad` int(11) NOT NULL
) ENGINE=InnoDB DEFAULT CHARSET=utf8;

--
-- Índices para tablas volcadas
--

--
-- Indices de la tabla `archivos`
--
ALTER TABLE `archivos`
  ADD PRIMARY KEY (`archivo_id`);

--
-- Indices de la tabla `categorias`
--
ALTER TABLE `categorias`
  ADD PRIMARY KEY (`idCategorias`),
  ADD UNIQUE KEY `idCategorias_UNIQUE` (`idCategorias`),
  ADD KEY `categoria_subcategoria_foreign_idx` (`id_subcategorias`);

--
-- Indices de la tabla `ciudad`
--
ALTER TABLE `ciudad`
  ADD PRIMARY KEY (`idCiudad`),
  ADD UNIQUE KEY `idCiudad_UNIQUE` (`idCiudad`),
  ADD KEY `ciudad_provincias_foreign_idx` (`id_provincia`);

--
-- Indices de la tabla `compra`
--
ALTER TABLE `compra`
  ADD PRIMARY KEY (`idCompra`),
  ADD UNIQUE KEY `idCompra_UNIQUE` (`idCompra`),
  ADD KEY `compra_usuario_foreign_idx` (`id_usuario`),
  ADD KEY `compra_producto_foreign_idx` (`id_producto`);

--
-- Indices de la tabla `imagenes`
--
ALTER TABLE `imagenes`
  ADD PRIMARY KEY (`id`);

--
-- Indices de la tabla `Marcas`
--
ALTER TABLE `Marcas`
  ADD PRIMARY KEY (`idMarca`),
  ADD UNIQUE KEY `idProductos_UNIQUE` (`idMarca`);

--
-- Indices de la tabla `pais`
--
ALTER TABLE `pais`
  ADD PRIMARY KEY (`idpais`),
  ADD UNIQUE KEY `idpais_UNIQUE` (`idpais`);

--
-- Indices de la tabla `productos`
--
ALTER TABLE `productos`
  ADD PRIMARY KEY (`idProductos`),
  ADD UNIQUE KEY `idProductos_UNIQUE` (`idProductos`),
  ADD KEY `producto_marca_foreign_idx` (`id_marca`),
  ADD KEY `producto_categoria_foreign_idx` (`id_categorias`),
  ADD KEY `producto_imagen_foreign` (`imgProducto`);

--
-- Indices de la tabla `provincias`
--
ALTER TABLE `provincias`
  ADD PRIMARY KEY (`idprovincias`),
  ADD UNIQUE KEY `idprovincias_UNIQUE` (`idprovincias`),
  ADD KEY `provincia_pais_foreign_idx` (`id_pais`);

--
-- Indices de la tabla `usuarios`
--
ALTER TABLE `usuarios`
  ADD PRIMARY KEY (`idUsuarios`),
  ADD UNIQUE KEY `idUsuarios_UNIQUE` (`idUsuarios`),
  ADD UNIQUE KEY `Usuario_UNIQUE` (`usuario`),
  ADD UNIQUE KEY `Email_UNIQUE` (`email`),
  ADD KEY `usuario_ciudad_foreign_idx` (`id_ciudad`),
  ADD KEY `usuario_producto_foreign_idx` (`productos`);

--
-- Indices de la tabla `ventas`
--
ALTER TABLE `ventas`
  ADD PRIMARY KEY (`idVentas`),
  ADD UNIQUE KEY `idVentas_UNIQUE` (`idVentas`),
  ADD KEY `usuario_venta_foreign_idx` (`id_usuario`),
  ADD KEY `producto_venta_foreign_idx` (`id_producto`);

--
-- AUTO_INCREMENT de las tablas volcadas
--

--
-- AUTO_INCREMENT de la tabla `archivos`
--
ALTER TABLE `archivos`
  MODIFY `archivo_id` int(11) NOT NULL AUTO_INCREMENT;

--
-- AUTO_INCREMENT de la tabla `categorias`
--
ALTER TABLE `categorias`
  MODIFY `idCategorias` int(11) NOT NULL AUTO_INCREMENT, AUTO_INCREMENT=3;

--
-- AUTO_INCREMENT de la tabla `ciudad`
--
ALTER TABLE `ciudad`
  MODIFY `idCiudad` int(11) NOT NULL AUTO_INCREMENT, AUTO_INCREMENT=4;

--
-- AUTO_INCREMENT de la tabla `compra`
--
ALTER TABLE `compra`
  MODIFY `idCompra` int(11) NOT NULL AUTO_INCREMENT, AUTO_INCREMENT=2;

--
-- AUTO_INCREMENT de la tabla `imagenes`
--
ALTER TABLE `imagenes`
  MODIFY `id` int(11) NOT NULL AUTO_INCREMENT, AUTO_INCREMENT=3;

--
-- AUTO_INCREMENT de la tabla `Marcas`
--
ALTER TABLE `Marcas`
  MODIFY `idMarca` int(11) NOT NULL AUTO_INCREMENT, AUTO_INCREMENT=4;

--
-- AUTO_INCREMENT de la tabla `pais`
--
ALTER TABLE `pais`
  MODIFY `idpais` int(11) NOT NULL AUTO_INCREMENT, AUTO_INCREMENT=4;

--
-- AUTO_INCREMENT de la tabla `productos`
--
ALTER TABLE `productos`
  MODIFY `idProductos` int(11) NOT NULL AUTO_INCREMENT, AUTO_INCREMENT=5;

--
-- AUTO_INCREMENT de la tabla `provincias`
--
ALTER TABLE `provincias`
  MODIFY `idprovincias` int(11) NOT NULL AUTO_INCREMENT, AUTO_INCREMENT=4;

--
-- AUTO_INCREMENT de la tabla `usuarios`
--
ALTER TABLE `usuarios`
  MODIFY `idUsuarios` int(11) NOT NULL AUTO_INCREMENT, AUTO_INCREMENT=11;

--
-- AUTO_INCREMENT de la tabla `ventas`
--
ALTER TABLE `ventas`
  MODIFY `idVentas` int(11) NOT NULL AUTO_INCREMENT;

--
-- Restricciones para tablas volcadas
--

--
-- Filtros para la tabla `categorias`
--
ALTER TABLE `categorias`
  ADD CONSTRAINT `categoria_subcategoria_foreign` FOREIGN KEY (`id_subcategorias`) REFERENCES `categorias` (`idCategorias`) ON DELETE NO ACTION ON UPDATE NO ACTION;

--
-- Filtros para la tabla `ciudad`
--
ALTER TABLE `ciudad`
  ADD CONSTRAINT `ciudad_provincias_foreign` FOREIGN KEY (`id_Provincia`) REFERENCES `provincias` (`idprovincias`) ON DELETE NO ACTION ON UPDATE NO ACTION;

--
-- Filtros para la tabla `compra`
--
ALTER TABLE `compra`
  ADD CONSTRAINT `compra_producto_foreign` FOREIGN KEY (`id_producto`) REFERENCES `productos` (`idProductos`) ON DELETE NO ACTION ON UPDATE NO ACTION,
  ADD CONSTRAINT `compra_usuario_foreign` FOREIGN KEY (`id_usuario`) REFERENCES `usuarios` (`idUsuarios`) ON DELETE NO ACTION ON UPDATE NO ACTION;

--
-- Filtros para la tabla `productos`
--
ALTER TABLE `productos`
  ADD CONSTRAINT `producto_categoria_foreign` FOREIGN KEY (`id_categorias`) REFERENCES `categorias` (`idCategorias`) ON DELETE NO ACTION ON UPDATE NO ACTION,
  ADD CONSTRAINT `producto_imagen_foreign` FOREIGN KEY (`imgProducto`) REFERENCES `imagenes` (`id`) ON DELETE NO ACTION ON UPDATE NO ACTION,
  ADD CONSTRAINT `producto_marca_foreign` FOREIGN KEY (`id_marca`) REFERENCES `Marcas` (`idMarca`) ON DELETE NO ACTION ON UPDATE NO ACTION;

--
-- Filtros para la tabla `provincias`
--
ALTER TABLE `provincias`
  ADD CONSTRAINT `provincia_pais_foreign` FOREIGN KEY (`id_pais`) REFERENCES `pais` (`idpais`) ON DELETE NO ACTION ON UPDATE NO ACTION;

--
-- Filtros para la tabla `usuarios`
--
ALTER TABLE `usuarios`
  ADD CONSTRAINT `usuario_ciudad_foreign` FOREIGN KEY (`id_Ciudad`) REFERENCES `ciudad` (`idCiudad`) ON DELETE NO ACTION ON UPDATE NO ACTION,
  ADD CONSTRAINT `usuario_producto_foreign` FOREIGN KEY (`productos`) REFERENCES `productos` (`idProductos`) ON DELETE NO ACTION ON UPDATE NO ACTION;

--
-- Filtros para la tabla `ventas`
--
ALTER TABLE `ventas`
  ADD CONSTRAINT `producto_venta_foreign` FOREIGN KEY (`id_producto`) REFERENCES `productos` (`idProductos`) ON DELETE NO ACTION ON UPDATE NO ACTION,
  ADD CONSTRAINT `usuario_venta_foreign` FOREIGN KEY (`id_usuario`) REFERENCES `usuarios` (`idUsuarios`) ON DELETE NO ACTION ON UPDATE NO ACTION;
COMMIT;

/*!40101 SET CHARACTER_SET_CLIENT=@OLD_CHARACTER_SET_CLIENT */;
/*!40101 SET CHARACTER_SET_RESULTS=@OLD_CHARACTER_SET_RESULTS */;
/*!40101 SET COLLATION_CONNECTION=@OLD_COLLATION_CONNECTION */;
