-- phpMyAdmin SQL Dump
-- version 4.9.0.1
-- https://www.phpmyadmin.net/
--
-- Servidor: localhost
-- Tiempo de generación: 30-10-2019 a las 01:24:44
-- Versión del servidor: 10.4.6-MariaDB
-- Versión de PHP: 7.1.32

SET SQL_MODE = "NO_AUTO_VALUE_ON_ZERO";
SET AUTOCOMMIT = 0;
START TRANSACTION;
SET time_zone = "+00:00";


/*!40101 SET @OLD_CHARACTER_SET_CLIENT=@@CHARACTER_SET_CLIENT */;
/*!40101 SET @OLD_CHARACTER_SET_RESULTS=@@CHARACTER_SET_RESULTS */;
/*!40101 SET @OLD_COLLATION_CONNECTION=@@COLLATION_CONNECTION */;
/*!40101 SET NAMES utf8mb4 */;

--
-- Base de datos: `db_4Buy`
--

-- --------------------------------------------------------

--
-- Estructura de tabla para la tabla `categorias`
--

CREATE TABLE `categorias` (
  `idCategorias` int(11) NOT NULL,
  `nombreCategoria` varchar(45) NOT NULL,
  `ruta` varchar(45) NOT NULL,
  `id_subcategorias` int(11) DEFAULT NULL
) ENGINE=InnoDB DEFAULT CHARSET=utf8;

--
-- Volcado de datos para la tabla `categorias`
--

INSERT INTO `categorias` (`idCategorias`, `nombreCategoria`, `ruta`, `id_subcategorias`) VALUES
(1, 'Televisores', 'televisores', NULL),
(2, 'Celulares', 'celulares', NULL);

-- --------------------------------------------------------

--
-- Estructura de tabla para la tabla `ciudad`
--

CREATE TABLE `ciudad` (
  `idCiudad` int(11) NOT NULL,
  `nombreCiudad` varchar(45) NOT NULL,
  `id_provincia` int(11) DEFAULT NULL
) ENGINE=InnoDB DEFAULT CHARSET=utf8;

--
-- Volcado de datos para la tabla `ciudad`
--

INSERT INTO `ciudad` (`idCiudad`, `nombreCiudad`, `id_provincia`) VALUES
(1, 'Cordoba', 1),
(2, 'Villa Maria', 1),
(3, 'brasilia', 3);

-- --------------------------------------------------------

--
-- Estructura de tabla para la tabla `compra`
--

CREATE TABLE `compra` (
  `idCompra` int(11) NOT NULL,
  `id_usuario` int(11) NOT NULL,
  `id_producto` int(11) NOT NULL,
  `cantidad` int(11) NOT NULL
) ENGINE=InnoDB DEFAULT CHARSET=utf8;

-- --------------------------------------------------------

--
-- Estructura de tabla para la tabla `imagenes`
--

CREATE TABLE `imagenes` (
  `id` int(11) NOT NULL,
  `imagen` blob NOT NULL
) ENGINE=InnoDB DEFAULT CHARSET=utf8;

--
-- Volcado de datos para la tabla `imagenes`
--

INSERT INTO `imagenes` (`id`, `imagen`) VALUES
(7, 0x2f396a2f34414151536b5a4a5267414241514141415141424141442f3277434541416b474278415144524151454241564542414e4451304e4451304e445241504541344e49423069496941644878386b4b4451734a4359784a784d664a5449744d5377744d444177497973384f443874517a51354d43734243676f4b4451304f474241514743346c487955744c6930754c6934744b7930744c6930744c5330724c6934744c4330744b7973334c4338754c5330744b7930724b7930724c5373334b7930724c5373724e7973744c662f4141424549414d674179414d4245514143455145444551482f78414163414141424251454241514141414141414141414141414141415149444251594542776a2f7841424a45414142417749414277674f43514d4541774141414141424141494442424546426763534954477845785242555652686358515849694e4355334b426b5a4b546f624c423052596b4d6a4d30556d4e7a3068576938454e6b346646455970542f7841416141514541417745424151414141414141414141414141414141514944424155472f3851414b6845414167454441774d4541674d424151414141414141414145434178455342434652457a457946434a426351557a556d475249304c2f3267414d41774541416845444551412f415063554149415141674241434145414941514167424143414541494151416742414341454149415141674241434145414941514546585652784d7a3548745930643838674241566f786e6f73374e33773234414e724f31655a57776c7755366b65522f306a6f2f446a7a4f2b536e435841366b65512b6b64483463655a337954435841366b65512b6b64483463655a33795559533448556a7948306b6f2f447439462f79544358417a6a7948306a70504474387a766b6d4575426e486b50704653654862356e664a54684c676e4f504948474f6a384f337a4f2b536a43584248556a79565748636f4f44714f4d506c6e766e6b7459316a48467a694e616a462f49795437626d654f577a4266367671307375526b2b41374e6d4376316656706975526b2b41374e6d4376316656705a636a4a384232624d462f712b725534726b6e4a384232624d4666712b725559726b5a50674f7a586772395831616e46636a4a38423261384666712b7254482b786b2b41374e6d4376316656706a2f5a4754344c444132566e4256544d32455375696449344e595a324672484f5042666738716871784b622b5562785157424143414541494151486e32552f514943375348565545516153625a6d732b657936614d5661357861696f30326c77633749475748614e31447641757578353438553750794e394149426437732f49333041674633737a386a6651434568765a6e35472b674573514a766150386a665243574a454d4450794e3941494c48504e47776434336737304b475446626d56646931464e4a4e563148645336706c67706f586b376c44437a5265334753734b4d564e74794f72557a6c54696f776469435841644d503841786f765642646170552b447a6e58724c2f77424d682f704e4e79574c315156756a54344957707266794a473449706553786571437230616642623146586c676345556e4a597656424f6a44676570716679596a6345556c78656d69746358376d4e536447504139545576354d3757594677656267557365735a726e526a514f4851716446634769314d76354d3642674c426d6d394e487a64796171394a634631586638414a69757742677a4e4671646d646e4f7a727874746d614c6558576f56506665493951376554494a6356384853414d3342726334327a34786d5061654d464a555531324a68714a702b5236686947392b38477879504d6a715a7a7166645866616531756f6c65664a575a36385864584e476f4c416742414341454235376c562b785339646758565237486e616a7a66304d6a31446f43366a6b486f4251674651416742414935415631613756306a6171545a65486372704a4c55343635572b386f3079325a6257757a5278756c58556346794f345172636d6151685a53464943433478374170755661493749564641517369646a465735657830303058624e385a71713261526a756237456a3769626d71705635552b3537385046476b5653774941514167424165655a562f73557658594631554f78352b6f383339444939513641756f347967786d7877676f5874694c4853797561486c6a43316f597736726b386474537971566c46324f696c703556466370426c506a35472f313866795766714677612b6a6649765a506a35472f3138667954314334486f6e794a3254342b5276384158782f4a5055726765696649646b2b506b622f2f414b492f6b6e71567754364e386832546f7a716f332b53646e7954314334486f3379584f44634e7856734f367841747a5a4179534e3973356a76694e4f745755314a584d5a5533546b6b7a715930476e462b575676764b61477949316e6b69576e65474e4944576e4f4c485863304731762b31724c6665357a78736c324a7168684c44654a674467426e434d41673866546f565976667561535631324f49305861357774613446733458302f394c547162324d656c7463696e7053305875306a547044752b4842303656614d373747633457567a6a37596b4157306b433557765a584d6274757779614e375477485342634868352b4a49754c496c475359365746374e5a42734154593843685369797a6a4b4a4951396f427544647063414861624b757a64697a7953754c54562f6274385a716d564d6d4e5464486f2b49787654796e6a7170666776486e354d2b6a68346f307171574241434145414641656435567a326c4c313642645648785050722b63766f534c554f674c714f4d386b796c4d497771386b614877557a6d383762573268635662795055307636305a64334d4c4c453652644672573038614151613953416b686330534d4c6d335948734c322f6d626653504c5a486346376a48684b6b6e6e59366a68337378734c6d76446d4d6a7a335a31786f463951304b6b464a64795a572b43357962734f34314a4f7031524130486e413037563155657a4f4c5539306246745331744d4c387372666557326e69326a6d316b6b6d726a494d494d424a30693449426141533038646a304c6f6c54624f534e614b456b726d57666d6c784c7859336147744176666a356c4370793275524b74477a73794b4f7247593845324c6a48625164567a666172754f365a5256465a6f66557a677361304672693075735977514d336e353943724662746b796c654b52784f6153527241754e4934417450677874646b6c66456241746d3351456e7462454f6230714b637556593071523232647a6e713275456262545a784f626e523570425962653279744637376f79715853325a4757397776766741357037675163346d2b6f62564e2f64624572663258794f4f6d6364305a70373975316153374d7a684c6448726d494c7671386f3471687858677a386d66575138492f527146557543414541494151486e57566a37756d36394175716a346e42572f592f6f534939714f674c714f49354d4a594870716f4e46524332584d766d46774f63336a735270565a51692b356546535566466e434d533847386b6236636e7a56656c44673139525535462b68654465534d394f5435714f6a4467656f71636839433847386b5a36636e7a5470513448714b6e4966517642764a47656e4a3831505268775055564f5270784d776279526e7053664e52305963443146546b6c645352777362484577527874634c4d59327742756a53585971704f54757973726a3341616266584b7a336c7270467359666b5861614f467278787272614f4449666e6a6a56515747365570734c7559526d3349756334323039476c5a663945622f41504a6b734c715561544938324937584d48624256617163466f756b766b36474f7076434f7666386731636172616642706c53354a4244415365334e74466a6d2b64526c4a664262476d2f6b687161534f777a4353626d2b63414e43744763766b724b6e48344f47576743305651776c52524646673975364e386471746d374d68556b6d6a306e454e746f5a754c664467503841504b76486e335a394a447858306a554b686345414941514167504f38725033644e313642644e4c784f47722b782f51794c3749364175704848596c436b6977354362416f4667515742534c4458366b4256312b73654d33617370476b536b776e4358553449355a576538746447396a44386e4675535a52755951753759386762705569354977633671793664782f6c516c69627552777069696e754a34384a6b4b7267625271535231523458343152307a5656696475456d6c52307933564a495a5135376450664e555773546c646e6f2b4976334576575a4634382b37506f6f654d666f3079715842414341454149447a764b31393154646567585253385468712f73663052776e74523042644e7a6c73536771626763436d34734c64535146314677424b6b444846474372727544786d37566d2b78704535487974464d4165575676764a706b374f785858536a644a6e4357526e6958566c4938397867774e4e467868546c495951493330636641564b6b7948434b4f65536d614f4657545a52714a4136467174637130694e7a474b5663717942774841726d517978516e496d70584f33526c6a33376471724a624634533350593851667730765748374634452f4a6e3174507758306168564c676742414341454235336c614863715872314f74366669636458396a2b694b4837493641756b3557695146434c4371535568516f4a42434e674b6d34614564715545574b79743450476274565a646938544f345a6461456463725065572b6937484e2b53386b56445a5478727432504a334a6f3575645130575752304d654477717066475230736a42345656794c78674f4e453039386f7a4c394d6966677763616c5449644967646730384256756f5a756b4a7642795a6f7230575355314934534e30642b31484e574a6a536161505763517839586c36784976446e354d2b71702b4b2b6a5471686f43414541494151486e6d5676376d6c362f543756765438546b716673663063384a37556441585163354b43704948424259564c69774a63697749426a6c414b32734f6b654d33617179374634726379324d514f3543334c4b7a336c746f2b786872375a626d6637646470352f7441422f4f6f3348734a6d4e6b515a49366f6d796361575247523252352f476f7369627336477566776c527350635033596a68537856796b684e2f57544172315769616d72775873385a7169554e6a53465737523666694c39784b654f706b58697a37732b6c683472364e4d716d6749415141674241656535572f754b6272395074573150736330764e2f527a52665a48514630484b795149427751436f41756c7746304947755146585863486a4e32714a46346d6477394d4777692f4c4b7a336c746f33737a6c2f49526370496f4e39433441467953414141546372747973634370535a746358385737415331545263327a5948577333697a7566547158505572664554716f36564c65525834364e6a676d696247787241364a7849614c584e31616a4a74626c6452535361735a7731353441745442524e54692f69394c4d317373354d6248574c496d2f6265336a50455061734a3162624936366444355a617a54594d674f5935304f634e4242635a4858353961793937334e63616132474f77665256545359484e4248665537394c547a744b7370536955644f444d626879696d705a4d312f624d64666335573373386641387936497a75633036435278556c51376447654f336172536578534d456d65365a507677722f7742392b774c77702b5450704b66696a5571706f43414541494151486e2b566f6477707576302b3161516578684a6534354976736a6f433645633168396c49734f436b69777143775851574242596135515459724b3367385a7531566b7979526d63596d4178432f4c4b7a336c303654737a6a31386d7068696a56556344704a4a6861526a63364a3537625277686f2f4e705731574c6659776f5453386952324d443675767068664d69625578466b4950446657654d7068474d587957366b707a58424a6c48654250422b7737336c576937497471497473717354364e7454574e6134585a45307a534136694271486e4956716c5379324b55715635626c336a356a43356a3936786b7437554f6e6330324e6a71623574617a707858646d315675316b596b5442627152794f4c4a716172644738505953313764546d36314c73396d53726f3355637a612b684f63414845467041377963616950503756696c6a493162795269615633644743326b506144303357376173594a626e7575543738492f6e6e667343384b666b7a364f48696a55717063454149415141674d446c5a4831656d362f5437566550597961335a7778665a485146756d6335494372454368414f5336414b4c6b434654636b527941724b3367385a7531555a4b4d2f68756c4c3451526f2b755676764c71306a325a78362f77416b5554734675343131584f4b35305945776135745a54754f6f564552386c315366697a534576636935796955686b7149434f4346772f75564b4d626f313146544669354f365863356167384a696a483979566f3252585431636d30566d4d6c454831395134384d767373506b744b6366616a477256744e6f3432594d6172324b5a334a5267396944497638573477786b67476f794e6435624b6b753572546c73796d46497a66462f316966617266426c6663396878422f437964596b2b43385370354d2b6c702b434e51716c7751416742414341776556636656366272394f72524b534b2b4c554f674c5a4850596b436d35466877556977716767436742534c44584b425972613367385a7531512b785a497a32473579324941637372506558586f31644d345079486b69715a58755862593831794c44424659545577693275614d6531556e483273745366765262593750744e454f4f4a323155302f5a6d7575386b4d784e6432383337624e716d7632525852643546566838486663316a2f71485972302f46476462396a4b77683347726d616c5959512f6a516e49767357795179533531766235724c4f53756230355852564e69647669393963783831315a39696d5875505a73515077722f7742392b774c784b6e6b7a36614869766f31437a4e4151416742414341776d5663665636587238436d4a566e42454e41364174376d4e68344345574857516977746b466773704a45736f466848424156746277654d33616f5a4e6a4d347750416948584b33336c323650737a7a507943626b6a506d634c737565656f4d374d427a2f584b636672786256576376617a536c43306b793779677a35733850374c76655756485a472b70686b304e784671633653666d6a6a3271617275566f517875564f4d566152577a6a696b4f774b385a5756696c536c65545a57372b4b746b5a3949555668346b754f6b6144467963755a4a6667653065784f354b6a6956572f4475397631726531524a3745716e7565325a507a656b667a7a763242654c56383266527758746a394770575a6f43414541494151474679712f68365872384878556f68396a676a4767644157714d4c4567436b433251436f41756c77434161394156746277654d33616f5a4b4d3168366d7a346766384165566e764c73306e5a6e6d362b5670496f4452633637447a387a71774c54415663423470347a3756456c7379314f6f334a467a6a35474854525834496e442b35556f7259313145374e45474a746d53797434587843336b502f4b7455695670564c7578583479553446584b5433354478304566384b593273566d35584b757a517262466663495874436a4b4a4e704d7673583945546e6167352b6a6f437375534a4a3969696a71476d63486a6c4239717a6c4a574e6f776c6448764f54302f55336676753242654e55386d652f44736a564b6863454149415141674d4e6c552f4430765834506970514f474c3749364174444b7849416c794c4368414b6742414341613461454a73566c634e586a4e326f7962574d666a4e564f5a47414f57566e764c7230723250503173553547653338347272795a774f6d6a74774a55754e5854333850487453556e595270704d74386f457045384e76424f39355667326a57615575356e4b4843456b4d7a4a473934363548356d38495575545a574d596f312b4561654b756761396a724f46387839726c70345775434a58443265356b366e416c553032334d754841364d68774b687152644f412b6a78666d6334475875626545584765527a4a47456d794a56595237466a6875746244447545576878626d41442f414532636653744b6a737249797078796c6c497a464c4764315a343764713558466e5970492b69386e6634492f76753242656255386a316c32527167564249714145414941514748797066635576586f50696942777844745230426146535142434262494c425a42594c49424549734467684a57567642347a64714d6779654d55625445436557566e764c753061566a797679456d706247657a5742646d783539354d6d70616873636a4a4141544739727743645a436a596d4f567a6f77786863564c327563304e7a576c6f414a4f69393143535265575569754c324b626f68526b5070713530527647374e4a316761694f634b4c6f736c4c354f2f36544f747059306e6a424955356f6e70334f577078686b646f614177635975536f64516c555569734d774a7554636e575478716d5266466b6c4a494e305a343764716874574369376e30466b382f424f2f666673433871703573393248696a55674b68595641434145414944455a5566754b5872305078556f4846474f3148514659676b41556b433251425a5263425a5353424367434f314b51566c6477654d33616f494d4c6a5934356741355a576538757a545059382f574a5a476273347270334f4c326f4445354d57786b684e77636d4c4855694739334a6779656f673373354d574f70454e367554426a716f4e36464d434f74455865685571444856524e53307033526e6a74326f34425645665157547a38473739392b774c79616e6b7a3359654b4e5371466751416742414341784755386478706576512f465367636b5130446f436b45674345433251425a414c5a4149674563674b79754772786d3755426763625a4c4e6150393357482b35646d6e6c5a486e36754e325a317455422f67585771695277756c4a6b6772417036694b64466a6857742f797964574936456877725771656f6976526b5353595361346a51305741625a6a625848476564517070457970535933667256505552586f5346465931546d694f6978322b327163794f69783950556a505a343764714f524b70744d3934796548366d3739392b774c7861766d7a364f6e346f314b6f584241434145414944453554767571547230507851484e474e41364170412b79415779415641466c4943796744584241566c654e586a4e326f447a764732504f4d594f703164564e4a3569372f6c644e4c784f5374624a476e687752434937434c51417761477474636763335037437175544e3859327459787a4d47522f3162636941597734767a4f44514c3236464665626a536252356d766e3071636e4875626572776245526d376b30786c674e7331704762782b33794c79387070335450426d36734a5a52622f77424d64696e67714a395a49325453496935724c74447532756261504a6279723662534c3275625637492b6a3031703773304f4773454d665379754d4f356d4d43784e6a70303249506b3072746b345439726164312f683031494c46736b7962594a684e504a4d2b4d506b335573626e414f4c576744514c394b2b422f50313671724b6b6d374b4e374c35624f2f38565467366562537533386e566c43775444765064684747534d6b5941344e445846704e69446258725750344c55565671565462654d6b396e2f52663870537039467a7372713359723856614745514d63356d65583276594453547a3941583171314b6a4e78627361303948474f696855696c6471374f624844426b634d314d356f44544b3774674147334767692f6e585a4b555a4b353876566c6c4e325056386e66344a33377a3967586a31504a6e735138556170554c416742414341454269737051764653633164443855427a786a514f674b51507367464151433251425a41466b416a67674b75764876446167504f4d626e6768774768304e625568773452633342397136714c56724846715537334f4b504771634e74594567577a7275487342563354695656655669745a6843515437766e64304473374f74773948457253684755635763315350557570664a63757878714d7774416132344f6b5a32766f584974465458646e4a485151573133626771614c43636b4d6865773654664f447232634636564b75366239703351764633523356324d30387a433131674343306b584a7a654c53744871336130556b61546e4f53734f77446a54505235776a44584d6b494c6f35416258347862557646312f34366a72477054625458796a6253616d707030307533413744324e733957304d6547736a4467374d6a42375a3342636e70564e422b4c6f614f576357322f374c3672575664517358736777486a6855556a6331675939756b6753416d336d365676714e4c4373386d326e2f52656a7271314f6b7158644967776a682b6574716f337a4561484e61786a4151316f7575696d756e484648484e5a7979615066736e7a625550544b3437467954386d643865794e4f716c67514167424143416f4d6163424f716d4e334e2b59396a3253414f46327563446f326f436b474471384f7476647561426f63487375586447647155374544785156764a2f62482f4143516b642f5436337741383750354b414b4d48317667422f5a2f4a414c2f547133774c664f332b534142673674384330644a622f4a4148394d7250424e2f742f6b674f53727746577642416962702f396d2f795147527868795931316138504945457265304c784b3130637359314567473464353161354675536c4f524443664b59765465707a664a47456541374347452b5578656b39526d786a48674f776868506c4d587050544e6a43504164672f43584b6f66536b5535736e475041765950776c7971483070464754474b344647513743584b345230756b2b535a4d6a46634344496668486c6b5052656256356b7959786a7750626b51726236612b496174544a696f795a4f4b344c584132524a7a4a6d766d7767484268447332474a774a50535370795a474b50594d47556b645043324b4d397177634a7553654d71766373645a6342724e756c414e4d725277384a382b76344942475474636241334e722b5241536f4151416743794145414941514167424143414541494151416742414341454149434d78692f2b616b4243366e306e694e6866694341654b5676503530416231627a2b644145744f3178424e3941746f4e74434147307a527176724a31384e7266464145644b3170424131416761547151482f396b3d);

-- --------------------------------------------------------

--
-- Estructura de tabla para la tabla `Marcas`
--

CREATE TABLE `Marcas` (
  `idMarca` int(11) NOT NULL,
  `marca` varchar(45) NOT NULL
) ENGINE=InnoDB DEFAULT CHARSET=utf8;

--
-- Volcado de datos para la tabla `Marcas`
--

INSERT INTO `Marcas` (`idMarca`, `marca`) VALUES
(1, 'Phillips'),
(2, 'Lenovo'),
(3, 'Motorola');

-- --------------------------------------------------------

--
-- Estructura de tabla para la tabla `pais`
--

CREATE TABLE `pais` (
  `idpais` int(11) NOT NULL,
  `nombrePais` varchar(45) NOT NULL
) ENGINE=InnoDB DEFAULT CHARSET=utf8;

--
-- Volcado de datos para la tabla `pais`
--

INSERT INTO `pais` (`idpais`, `nombrePais`) VALUES
(1, 'Argentina'),
(2, 'Brasil'),
(3, 'venezuela');

-- --------------------------------------------------------

--
-- Estructura de tabla para la tabla `productos`
--

CREATE TABLE `productos` (
  `idProductos` int(11) NOT NULL,
  `titulo` varchar(45) NOT NULL,
  `precio` int(11) NOT NULL,
  `stock` int(11) NOT NULL,
  `imgProducto` int(11) NOT NULL,
  `id_marca` int(11) NOT NULL,
  `id_categorias` int(11) DEFAULT NULL
) ENGINE=InnoDB DEFAULT CHARSET=utf8;

--
-- Volcado de datos para la tabla `productos`
--

INSERT INTO `productos` (`idProductos`, `titulo`, `precio`, `stock`, `imgProducto`, `id_marca`, `id_categorias`) VALUES
(6, 'Celular', 200, 2, 7, 1, 2);

-- --------------------------------------------------------

--
-- Estructura de tabla para la tabla `provincias`
--

CREATE TABLE `provincias` (
  `idprovincias` int(11) NOT NULL,
  `nombreProvincia` varchar(45) NOT NULL,
  `id_pais` int(11) NOT NULL
) ENGINE=InnoDB DEFAULT CHARSET=utf8;

--
-- Volcado de datos para la tabla `provincias`
--

INSERT INTO `provincias` (`idprovincias`, `nombreProvincia`, `id_pais`) VALUES
(1, 'Cordoba', 1),
(2, 'BuenosAires', 1),
(3, 'Bahia', 2);

-- --------------------------------------------------------

--
-- Estructura de tabla para la tabla `usuarios`
--

CREATE TABLE `usuarios` (
  `idUsuarios` int(11) NOT NULL,
  `nombre` varchar(45) NOT NULL,
  `apellido` varchar(45) NOT NULL,
  `contrasena` varchar(45) NOT NULL,
  `usuario` varchar(45) NOT NULL,
  `email` varchar(255) NOT NULL,
  `imgPerfil` varchar(45) NOT NULL,
  `id_ciudad` int(11) NOT NULL,
  `productos` int(11) DEFAULT NULL
) ENGINE=InnoDB DEFAULT CHARSET=utf8;

--
-- Volcado de datos para la tabla `usuarios`
--

INSERT INTO `usuarios` (`idUsuarios`, `nombre`, `apellido`, `contrasena`, `usuario`, `email`, `imgPerfil`, `id_ciudad`, `productos`) VALUES
(1, 'Nicolas', 'Morero', '123456', 'nico2000', 'nmorero00@gmail.com', 'perfil.jpg', 1, NULL),
(2, 'ignacio', 'morero', '123456', 'ignamo', 'ignamorero@gmail.com', 'perfil.jpeg', 3, NULL),
(5, 'jose', 'morero', '123456', 'josemo', 'jose@gmail.com', 'perfil.jpeg', 1, NULL),
(10, 'ivan', 'morero', '12345', 'iamo', 'iamorero@mail.com', 'perfil.jpeg', 1, NULL);

-- --------------------------------------------------------

--
-- Estructura de tabla para la tabla `ventas`
--

CREATE TABLE `ventas` (
  `idVentas` int(11) NOT NULL,
  `id_usuario` int(11) NOT NULL,
  `id_producto` int(11) NOT NULL,
  `cantidad` int(11) NOT NULL
) ENGINE=InnoDB DEFAULT CHARSET=utf8;

--
-- Índices para tablas volcadas
--

--
-- Indices de la tabla `categorias`
--
ALTER TABLE `categorias`
  ADD PRIMARY KEY (`idCategorias`),
  ADD UNIQUE KEY `idCategorias_UNIQUE` (`idCategorias`),
  ADD KEY `categoria_subcategoria_foreign_idx` (`id_subcategorias`);

--
-- Indices de la tabla `ciudad`
--
ALTER TABLE `ciudad`
  ADD PRIMARY KEY (`idCiudad`),
  ADD UNIQUE KEY `idCiudad_UNIQUE` (`idCiudad`),
  ADD KEY `ciudad_provincias_foreign_idx` (`id_provincia`);

--
-- Indices de la tabla `compra`
--
ALTER TABLE `compra`
  ADD PRIMARY KEY (`idCompra`),
  ADD UNIQUE KEY `idCompra_UNIQUE` (`idCompra`),
  ADD KEY `compra_usuario_foreign_idx` (`id_usuario`),
  ADD KEY `compra_producto_foreign_idx` (`id_producto`);

--
-- Indices de la tabla `imagenes`
--
ALTER TABLE `imagenes`
  ADD PRIMARY KEY (`id`);

--
-- Indices de la tabla `Marcas`
--
ALTER TABLE `Marcas`
  ADD PRIMARY KEY (`idMarca`),
  ADD UNIQUE KEY `idProductos_UNIQUE` (`idMarca`);

--
-- Indices de la tabla `pais`
--
ALTER TABLE `pais`
  ADD PRIMARY KEY (`idpais`),
  ADD UNIQUE KEY `idpais_UNIQUE` (`idpais`);

--
-- Indices de la tabla `productos`
--
ALTER TABLE `productos`
  ADD PRIMARY KEY (`idProductos`),
  ADD UNIQUE KEY `idProductos_UNIQUE` (`idProductos`),
  ADD KEY `producto_marca_foreign_idx` (`id_marca`),
  ADD KEY `producto_categoria_foreign_idx` (`id_categorias`),
  ADD KEY `producto_imagen_foreign` (`imgProducto`);

--
-- Indices de la tabla `provincias`
--
ALTER TABLE `provincias`
  ADD PRIMARY KEY (`idprovincias`),
  ADD UNIQUE KEY `idprovincias_UNIQUE` (`idprovincias`),
  ADD KEY `provincia_pais_foreign_idx` (`id_pais`);

--
-- Indices de la tabla `usuarios`
--
ALTER TABLE `usuarios`
  ADD PRIMARY KEY (`idUsuarios`),
  ADD UNIQUE KEY `idUsuarios_UNIQUE` (`idUsuarios`),
  ADD UNIQUE KEY `Usuario_UNIQUE` (`usuario`),
  ADD UNIQUE KEY `Email_UNIQUE` (`email`),
  ADD KEY `usuario_ciudad_foreign_idx` (`id_ciudad`),
  ADD KEY `usuario_producto_foreign_idx` (`productos`);

--
-- Indices de la tabla `ventas`
--
ALTER TABLE `ventas`
  ADD PRIMARY KEY (`idVentas`),
  ADD UNIQUE KEY `idVentas_UNIQUE` (`idVentas`),
  ADD KEY `usuario_venta_foreign_idx` (`id_usuario`),
  ADD KEY `producto_venta_foreign_idx` (`id_producto`);

--
-- AUTO_INCREMENT de las tablas volcadas
--

--
-- AUTO_INCREMENT de la tabla `categorias`
--
ALTER TABLE `categorias`
  MODIFY `idCategorias` int(11) NOT NULL AUTO_INCREMENT, AUTO_INCREMENT=3;

--
-- AUTO_INCREMENT de la tabla `ciudad`
--
ALTER TABLE `ciudad`
  MODIFY `idCiudad` int(11) NOT NULL AUTO_INCREMENT, AUTO_INCREMENT=4;

--
-- AUTO_INCREMENT de la tabla `compra`
--
ALTER TABLE `compra`
  MODIFY `idCompra` int(11) NOT NULL AUTO_INCREMENT, AUTO_INCREMENT=2;

--
-- AUTO_INCREMENT de la tabla `imagenes`
--
ALTER TABLE `imagenes`
  MODIFY `id` int(11) NOT NULL AUTO_INCREMENT, AUTO_INCREMENT=8;

--
-- AUTO_INCREMENT de la tabla `Marcas`
--
ALTER TABLE `Marcas`
  MODIFY `idMarca` int(11) NOT NULL AUTO_INCREMENT, AUTO_INCREMENT=4;

--
-- AUTO_INCREMENT de la tabla `pais`
--
ALTER TABLE `pais`
  MODIFY `idpais` int(11) NOT NULL AUTO_INCREMENT, AUTO_INCREMENT=4;

--
-- AUTO_INCREMENT de la tabla `productos`
--
ALTER TABLE `productos`
  MODIFY `idProductos` int(11) NOT NULL AUTO_INCREMENT, AUTO_INCREMENT=7;

--
-- AUTO_INCREMENT de la tabla `provincias`
--
ALTER TABLE `provincias`
  MODIFY `idprovincias` int(11) NOT NULL AUTO_INCREMENT, AUTO_INCREMENT=4;

--
-- AUTO_INCREMENT de la tabla `usuarios`
--
ALTER TABLE `usuarios`
  MODIFY `idUsuarios` int(11) NOT NULL AUTO_INCREMENT, AUTO_INCREMENT=11;

--
-- AUTO_INCREMENT de la tabla `ventas`
--
ALTER TABLE `ventas`
  MODIFY `idVentas` int(11) NOT NULL AUTO_INCREMENT;

--
-- Restricciones para tablas volcadas
--

--
-- Filtros para la tabla `categorias`
--
ALTER TABLE `categorias`
  ADD CONSTRAINT `categoria_subcategoria_foreign` FOREIGN KEY (`id_subcategorias`) REFERENCES `categorias` (`idCategorias`) ON DELETE NO ACTION ON UPDATE NO ACTION;

--
-- Filtros para la tabla `ciudad`
--
ALTER TABLE `ciudad`
  ADD CONSTRAINT `ciudad_provincias_foreign` FOREIGN KEY (`id_Provincia`) REFERENCES `provincias` (`idprovincias`) ON DELETE NO ACTION ON UPDATE NO ACTION;

--
-- Filtros para la tabla `compra`
--
ALTER TABLE `compra`
  ADD CONSTRAINT `compra_producto_foreign` FOREIGN KEY (`id_producto`) REFERENCES `productos` (`idProductos`) ON DELETE NO ACTION ON UPDATE NO ACTION,
  ADD CONSTRAINT `compra_usuario_foreign` FOREIGN KEY (`id_usuario`) REFERENCES `usuarios` (`idUsuarios`) ON DELETE NO ACTION ON UPDATE NO ACTION;

--
-- Filtros para la tabla `productos`
--
ALTER TABLE `productos`
  ADD CONSTRAINT `producto_categoria_foreign` FOREIGN KEY (`id_categorias`) REFERENCES `categorias` (`idCategorias`) ON DELETE NO ACTION ON UPDATE NO ACTION,
  ADD CONSTRAINT `producto_imagen_foreign` FOREIGN KEY (`imgProducto`) REFERENCES `imagenes` (`id`) ON DELETE NO ACTION ON UPDATE NO ACTION,
  ADD CONSTRAINT `producto_marca_foreign` FOREIGN KEY (`id_marca`) REFERENCES `Marcas` (`idMarca`) ON DELETE NO ACTION ON UPDATE NO ACTION;

--
-- Filtros para la tabla `provincias`
--
ALTER TABLE `provincias`
  ADD CONSTRAINT `provincia_pais_foreign` FOREIGN KEY (`id_pais`) REFERENCES `pais` (`idpais`) ON DELETE NO ACTION ON UPDATE NO ACTION;

--
-- Filtros para la tabla `usuarios`
--
ALTER TABLE `usuarios`
  ADD CONSTRAINT `usuario_ciudad_foreign` FOREIGN KEY (`id_Ciudad`) REFERENCES `ciudad` (`idCiudad`) ON DELETE NO ACTION ON UPDATE NO ACTION,
  ADD CONSTRAINT `usuario_producto_foreign` FOREIGN KEY (`productos`) REFERENCES `productos` (`idProductos`) ON DELETE NO ACTION ON UPDATE NO ACTION;

--
-- Filtros para la tabla `ventas`
--
ALTER TABLE `ventas`
  ADD CONSTRAINT `producto_venta_foreign` FOREIGN KEY (`id_producto`) REFERENCES `productos` (`idProductos`) ON DELETE NO ACTION ON UPDATE NO ACTION,
  ADD CONSTRAINT `usuario_venta_foreign` FOREIGN KEY (`id_usuario`) REFERENCES `usuarios` (`idUsuarios`) ON DELETE NO ACTION ON UPDATE NO ACTION;
COMMIT;

/*!40101 SET CHARACTER_SET_CLIENT=@OLD_CHARACTER_SET_CLIENT */;
/*!40101 SET CHARACTER_SET_RESULTS=@OLD_CHARACTER_SET_RESULTS */;
/*!40101 SET COLLATION_CONNECTION=@OLD_COLLATION_CONNECTION */;
