-- phpMyAdmin SQL Dump
-- version 4.9.0.1
-- https://www.phpmyadmin.net/
--
-- Servidor: localhost
-- Tiempo de generación: 31-10-2019 a las 00:01:24
-- Versión del servidor: 10.4.6-MariaDB
-- Versión de PHP: 7.1.32

SET SQL_MODE = "NO_AUTO_VALUE_ON_ZERO";
SET AUTOCOMMIT = 0;
START TRANSACTION;
SET time_zone = "+00:00";


/*!40101 SET @OLD_CHARACTER_SET_CLIENT=@@CHARACTER_SET_CLIENT */;
/*!40101 SET @OLD_CHARACTER_SET_RESULTS=@@CHARACTER_SET_RESULTS */;
/*!40101 SET @OLD_COLLATION_CONNECTION=@@COLLATION_CONNECTION */;
/*!40101 SET NAMES utf8mb4 */;

--
-- Base de datos: `db_4Buy`
--

-- --------------------------------------------------------

--
-- Estructura de tabla para la tabla `categorias`
--

CREATE TABLE `categorias` (
  `idCategorias` int(11) NOT NULL,
  `nombreCategoria` varchar(45) NOT NULL,
  `ruta` varchar(45) NOT NULL,
  `id_subcategorias` int(11) DEFAULT NULL
) ENGINE=InnoDB DEFAULT CHARSET=utf8;

--
-- Volcado de datos para la tabla `categorias`
--

INSERT INTO `categorias` (`idCategorias`, `nombreCategoria`, `ruta`, `id_subcategorias`) VALUES
(1, 'Televisores', 'televisores', NULL),
(2, 'Celulares', 'celulares', NULL);

-- --------------------------------------------------------

--
-- Estructura de tabla para la tabla `ciudad`
--

CREATE TABLE `ciudad` (
  `idCiudad` int(11) NOT NULL,
  `nombreCiudad` varchar(45) NOT NULL,
  `id_provincia` int(11) DEFAULT NULL
) ENGINE=InnoDB DEFAULT CHARSET=utf8;

--
-- Volcado de datos para la tabla `ciudad`
--

INSERT INTO `ciudad` (`idCiudad`, `nombreCiudad`, `id_provincia`) VALUES
(1, 'Cordoba', 1),
(2, 'Villa Maria', 1),
(3, 'brasilia', 3);

-- --------------------------------------------------------

--
-- Estructura de tabla para la tabla `compra`
--

CREATE TABLE `compra` (
  `idCompra` int(11) NOT NULL,
  `id_usuario` int(11) NOT NULL,
  `id_producto` int(11) NOT NULL,
  `cantidad` int(11) NOT NULL
) ENGINE=InnoDB DEFAULT CHARSET=utf8;

-- --------------------------------------------------------

--
-- Estructura de tabla para la tabla `imagenes`
--

CREATE TABLE `imagenes` (
  `id` int(11) NOT NULL,
  `imagen` blob NOT NULL
) ENGINE=InnoDB DEFAULT CHARSET=utf8;

--
-- Volcado de datos para la tabla `imagenes`
--

INSERT INTO `imagenes` (`id`, `imagen`) VALUES
(10, 0x2f396a2f34414151536b5a4a5267414241514141415141424141442f3277434541416b474277674943676749434167494341674a42676f4843416f4b427738494351634b49423069466941644878386b4b4367734a4359784a7838544c5445744a536b754c6a5975467974474f444d734f4451744e43734243676f4b4467304f4652414e4653305a46526b724b7930724c5463334c5373334b7973744c5373744c5373724c5330744b7973724b7973724c5373724b7973724b7973724b7973724b7973724b7973724b7973724b2f2f4141424549414d674179414d4249674143455145444551482f78414163414145414151554241514141414141414141414141414141427749444241554741516a2f7841424f45414143416741444177514d4377514644514141414141414151494442415552426849684d55465259516354496a4a4356584631675a47787752515746794d7a556e4b546c4b48524a454e696442556c6b744c77434552465531526a5a47567a676f504338662f4541426f42415141444151454241414141414141414141414141414142416751444251622f7841416a455145424141494341514d4641514141414141414141414141514952417a455349534a5242424d79515745552f396f4144414d42414149524178454150774363514141414141414141414142713878326879664c70647278755a5954445766557376555a2b6f772f6a72737a343677503377485141352f3436374e654f73443938506a727331343677503334485141352f77434f757a586a72412f66443436374e654f734439384230414f656c74767378486a4c4f38416c31336c507837325638653566392b4230594f667032313259756b713638387936553550524a346c5231395a764b374957525536357873684a61786c47536c4753366d674c674141414141414141414141414141414141414847646c4c614f3749737354776b747a4759792f344c545a7a304c545674646568325a46485a326a7656354a48567053786c792f4a667145573652444f5674387057324f79327963745a546c724f55706462504658506e684c5871677a6f6f7755456f78536a4750424a464c313657614a776631682f7742767236527a2b354c366b2f374444684c68704758653864594d336b6b2b6c6c4454367966382f77445366575834615453662b726e2f41493942366f796644636c727961616278746d6d644673396c57346c6a7352486a793461443848726675395a46344a4a363130782b7075563949344446305969556c4659664561522f7743476e3333714c5077544566374e695077302f7742435947322b642b73386576532f57552b332f585437312b45507643596a6e773249302f6c702f6f5346324864724d586763796f796245585474792f477a6456646335373377572f6d613135452b526f366644596d6d6d4c33364f33574f32703730374f356a424e4e7254546e303062367a6e637a71773839703867783946454d4d38566e6b653251676c474d64476d7554547030497547707466486b33644a2b41514f626f41414141414141414141414141414141384971374f666535442f503265346c556972733539376b50382f623769636531632f7872685775556f614c6a61346c4c3050546b65427461614b5845757651793873774c786c6d6a316a54446a6250334c725a4e314a757259377431467a493871574a6b72376f2f4d516c77692f33382b6a794c6e395230747235463048734978726a474d556f5168485345563373596c74765856737a5a587972304d4d4a6a41706253504a324a6368596e5a7152704f31553744553376584f746c75724f342b3147624f6157726253696f367474393745352f415a6b736474426b4d61313878546d3953726c3456736d31712f4a7734455a7a3231666a76766a36545143426c617741414141414141414141414141414141694873357635374a762b6f766179586949757a6f6f717a4a47705066642b363436643674586f2f623669636534726e2b4e635533796c4c5a5333796c56554a32796a58576e4f633561515338493962576e7a2f643076344c43573479324e464d584a7669326c76626b65647336334334565552574871673175627961384b5575647378387577636348576f4a36325334327a5868793650495a317330705972546c555a66326456715a6554507975703039446834706a4e337461763168334d6b34766431302f684c467662464866635a4b4c3365506c35436d2b325472726133766f4c57395071612b7a5570746264754c36506739722f3764467037745051566a7256756173336439786c75637576384144302b5173746d54503665392b443269312f3841693034656a7666794f5a32687a62344e463457695837525a483579532f635166765a614b3236596d3065626473637346683564777061587a54372b58517572704d585a4a615a336b586e656e326d726845322b7a4456656335484b5430556332716d332f4141706b636b396c707858664a4831476745444733674141414141414141414141414141415047524432646670636d2b3337325338794a657a78464a5a444e4a6230735a62427671576d6e745a4f5063567a2f4775433474364a4e747930535230325559425953486262557668466b65502b366a306558704d504a73436f6159713564302b4e4d483450572b766f4e72724f66434b5a36484a6e2b6f3872673464653671374c75686c43636e70597234516c33543163393263663841365678777a6647544b316836317a616e446361394d532b7554316c4b2b46736c30576230704361735556423469456f4b55556f717a656a2f414957706d716d433846466a48573059577432324a506d684664394f58514e6f7361545063336558303971566a73736e48536d7666336f52363275686530346875566b7057574f55357a6c767a6b2b2b6c49364f334c503655756e644b55363553372b616539434d655a4a4d784d58733969384e724b43574a72586856727534783631792b7255365936726a6e613173455a2b534c544e4d702f6e342b777834566d78794374504f4d696a4a617157625167302f436a7169334c505a564f444c664c492b6e45416765653959414141414141414141414141414141414970374f61546c73326d745538306e772b747945724555396e4876396d664f3739714a6e614c303139644c6b323563467663686b52536a775330505879767979426f5a704e44415047306b32326b6c4856742b4342546462436d45724c476f776848567335693264326158755847464d4f432b724350523557583862694c4d7a74375653334843317934792b764c702f517a714b59565255494c5249744a74797a792f554b4b59317855494c524976786949784c73555763354e74626d475430347657635571722f414b3658637a387139356f386f773975487a374971726f754534357644566657347269756c48597047737871537a725a56364c582b6c354c587775596a504f2b46692f46787a376b796e61646b416759336f414141414141414141414141414141414246505a782b6b325938377939714a574971374f5066374d2b64333755544f30566a7935583971514575562f616b44517a427a5766357a517050435045776f70692f32697a58656c50715358466c726248614a34474c774f456c2b3132512b646d763831672f652f7949386b357a6b3553637079664b32393651567464785874526c47485372716a695a786a7a786f3364373173324744326b797139715077683079664972713356483138684736726134364876456d5775566b54464453535469314a536a716d6e76526c48796c31496a4449732f7857575453546c6268584c35326954376e643656304d6b7a42596d6e463031346969616e565a4466692f632b686b375449764a47717836307a6e5a507a7a4c334734534e546d4b307a6e5a547a7a4c33464d2b713638553930546b6745444f31674141414141414141414141414141414246585a77372f5a6e7a784c326f6c5569727334392f737a35336674524d375257504c6c66327047426d2b597241307a6c464b6433617032516a39574b3533316538794d62695934654c6b303532536e4b4656616664577a36504a30766d4f667a6d716177654b74736c763332397156733133753771754336456a546a4e335446795a2b4d74635059724d525a5a6461355473736e4b7979543736556d5836734975566f79363655754f686b4b43526f7834354f336e5a2f5558394d42345266564c466d4530356a6362714b5a56703878613863556e4e6475657470636551363373655a684b4e312b585462634c4953784e4b66677a584b765375506f4e4e6961567834467a5a564f764e38763366437844672f73745055345a343662654c6b386b7070476e7a52615a7a736c35376e376a6470476c7a62686e4f79586e7566754f4f6656624f4f65364a7651434277615141414141414141414141414141414141696a73357653577a543476544e355068364356794b4f7a7079374e65647065346d646f7654554e5373736c645a6f3576655556344e554e655265393835627a44444f2f4458314a61796c564a782b30754b39686b70635839715258464779656e547a62504c74776b56703146534e746e6d58536f6e4c45567257697957737450335533376d6170493079376e6f387a6b77754e736f4e443038304a633175324f715a6d62475946335a6b72327534776c4537472f77434e7264532f4e7630466d464e6c306f3156516c4f796374794d59727570534f34794c4b343564683158334d72724a647378453134552b68645335446a7936303366535332372f55624a49306563384d3532523839793978766b6148504f476337492b664a662b706c7a3672314d4a36784e7941514f4451414141414141414141414141414141414555646e5476746d664f3876635375524e32644f2f3259582f4e702b31457a74463659576e462f616b564a464f6e462f616b5670473354447036347153616c4653546a6f303176526b616a47624f31324e7977316e61572f336331765139484f767a4e79697443577a70584c6a787a6e72484b5332667a42505251716d756c587150744c3248326278556d6e645a5656486e33583232663648554971526135317a6e306d47392b724679374c4d4e67552b3152637248485356732b366e4c3946314932434c614b6b796c336532724847597a556d6f7549304765762b75646b66506b76624533795a6f4d38663841584f79486e79587469637335365631773769634541675a3359414141414141414141414141414141423452422f6c42546c4376494a786b3479686a4d524f4d6c79786b6b6d6d532b512f3841355133304f52667a4f4b39694552656e4e374e3753565a696f30596d556173636f3661643744466461362b6c656f364e454d704e614e505272696d76424f6f7962612f45345a527078305a59756c6346596e7534694566592f5478367a624c3873666f6b4246615a7263757a6e4c38636c3847785663707639334e3971746a3648376a59726879725174704d697446615a62544b6b7870615263545055793162625854467a74736856426373724a714566577a6e387a3278774f4754686845386264794a78376969506c665036434b577964756878574b6f776c633738525a43717145645a546b2f793633314845315a374c4e396f646e39324861384c526e4e5377385a642f4c5672567679364c687a47677a504e4d5a6d64697378646a6b6f2f523178376d7172794c333870663257576d64354375662b6d61582b614f584a66536d47653835492b703041675a6d6f414141414141414141414141414141414f45374c327a562b65355170594f4473787558332f444b61343874384e4e4a4a64656e466551377341664772636f747861635847576b6f7957374b457568726d50642b5856366a366f7a6a59725a764e724a596a483552684c72356439616f756d32666c616131394a67664a6a7362346b702f4533663369664b2f4b76685068387a37373464526d34624f737a7732696f78754a676c795237593552395431506f78646a4c593166364570666c7674667650506b79324f3853302f694c66314a3837386e6850684244326e7a654372307a53456e4b477374374331793366794d5337616a4f724e553877746975543575454b743731492b67766b79324f3853302f694c763148795a6248654a6166784633366a7a792b552b4d2b487a5a666a63526539363636793658545a4e7a6c2b5a52322b7a705871507062354d646a66457458346d3739547a354d4e6a664574583471372b38504b2f4b50444834664e61784e7135342b6f377a7351624e34764e3833772b6132317a575835646238496c624a6478666375534b366550466b7431646a58592b71536e4849384d35523472667474746a366d394470384e6836634e58436e445531305531725375757574516842645352467476644a6a4a31463841454c414141414141414141414141414141414141414141414141414141414141414141414141414141414141412f2f5a),
(11, 0x2f396a2f34414151536b5a4a5267414241514141415141424141442f3277434541416b474278415345424151454241514542415345434151454241514468416749413467494230574668675245784d674b44417347426f7848524d584b54306f4b436b334f4467344979732f51443873507a51745069734243676f4b4467304f476841514679306c486941744c5330774c5330744d4330774c5330744c7930744b7938744c5330744c5455744c5330744c5330744e7973764c5330744c5463724e5330744c5373744e5338724c662f4141424549414d674179414d4249674143455145444551482f784141634141414242414d4241414141414141414141414141414141417751464277454743414c2f7841424c45414142417749434267514a43416346435141414141414241414944424245684d51554742784a4263524d7955574569636e53426b61477873724d554a444d30557348443052644355324b436b7641564a58576938534d3151334f44684d4c5334662f4541426f42415141444151454241414141414141414141414141414142416751464177622f7841416f4551454141514d4441774d4641514541414141414141414141514944455151684d5249796351564267525169497a4e525168502f3267414d41774541416845444551412f414c78516843424f615a72476c7a334e5930433563357741486553636b3069307a537536745243662b6f33486b71313273564d72356e78335052777874364a677933335863365a77346b446441766c653670313845684a63366f6e4c796358435633715870627331584f306462736e59636e74504a775369354b697136786e55724a787a646632703954363161576a366c59547a6262324b3836613748736a4d4f70304c6d326e326e36615a6d2b4f546e6637314a302b326a534c66704b5a6a2b52623977564a7456787a544b63722f41454b6a493974307036384c6d6371652f72336b742b6d6b6e4a3849505a4a424b50574c716b784d4337554b6c447466714c585a386a6b37684b4154356e5754462b33437042494e4f30455a676a4a514c355171452f546e552f73476568483663716e39677a30494c375171452f546c552f73476568483663716e39677a30494c3751714a7039756b774933365a6862787466383162577157736b566642307241574f616432534d6e7147317751654949794b4363516843415168434151684341516843415168434371396f6a506e46516633576744737759717066477262312f487a69666b3333574b7333777270614c736e79695559364a65656a556736482f77434a4a305a48444262564a4d6e77704230616b484d534c6f3145776a4b5064476d31514c44674f386a4a53626f306b2b4a6546644f59325869554a484b485a735a68362b47436b4e4a774e61326e734f7442632b5a37322b77424c6d6e626e75692f494c476e425a744c2f7741672f456b574b37626d6d6a645a4632525a4630585755434c4c434548715165436553364832517373324d6a39656861586435624a49304830466337796455386c3058736c2b6a6738674878586f4c4951684341516843415168434151684341516843437374656838356d354e39316930423853332f41467a463632596675733967576d797857585330585a506c456f353053536647657853473476424257334b6b6f783051374c4a47534e53705a7749736d386b4e6b5552546f306d364e5354346b6b596c575957695563596b78316e65356f70514c572b5433366f2f61534b6266476f725730763361614e74743077627836754a44356259353278575056523969385331317453386d77492f6b622b537a4a4e49306b48416732494c473465706542412f7339595871534e357849395958503257544a304a56736b695a5544354f4a576c7a5876597735432b5134346a424d587845644b435154484a7558417764666578742f43704370316a724a58517571443067686157734145597a414263534d7a6746484f6d4a36556b574d6b6764612b5674376a2f41424b735a7876796d63657a7a4a3154795851327969512f4e5738446f346b2b61584433697564333955386c304e73707a7050384e6438554b554c5051684341516843415168434151684341516843437474625265766c48637a324261335041746d317048393453667765364645534d585330505a506c57726c4253524a506455705044785452306132716d7069756b5a474a2f30533853527175564b6b552b4a49474e53736b536250695571784a67364e514f755173366d386d2f456b57304f597461313436394e354e2b4a49736d722f583876576c7261466846317a486f79685951454874353845386c305073707a7050384e6438554c6e642f56504a6447624a6f7875307a7549306659656556312f6443437930495167454951674549516745495167454951677276577236382f6d333357714a4a55707253663777655045502b55666b6f747a5630644650327a354a7079536c616d636b616b4345673969336371644f44526f58703950635843396c7138693479565a524e42712b4f79617952715366696b484d5248516a5852725574666861576d386d2f456b5738506a576f362b434d5330322f6e386e46732f74794c4c71342f483872784454554a797a6f764276624c4872646f2b36364159764235593333757a5030726d4c47794668325a746c66424344322f716e6b756a646b7278753037654a306663656156312f654335786431537569646c47644a2f6872766a4242614345495143454951434549514345495143454951567872535037776b50696536464868796b74625072722b626664616f55505737533973744e716a71706b364c51636b3365316577396577304f34725a46534a74344d334e535a436454526b4a42775675564f6b6d516b33424c4a4e36765443656b334c566f6d30736637656d386c2f456b572f6b4c5164703331696d386c2f456b57625866722b564b6f784454304c4346795647554c43454874325258534779566f334b6332784642594873764b362f73433575646b56306c736a2b6a6738674878586f4c4a5168434151684341516843415168434151684343764e614758723341635333335771426c62596e757a4859746931682f3369664762377255783035535761795a75467a75504859654257725431593262744c3279694e395a5a4a696c3653312f434678324b517074414235754a4e3168797546716d39545479307a464d64794f63386b4a7536366c744a614d4d44324175446d506158417434577a3376536e6b6569586c6d2f77424338433178647a51584478536e2f614f6e4a4e716e48564844577977704a7857785455544f41634433684e5a71426c73626771736171486e4e714a3451684b304c6164395970764a66784a46594d6b566a5a562f7451487a696d386c2f456b556171724e746e7655597061596843467a6d514c4b77736f4d75794b365432522f52776551443472317a5937497270505a483948423541506976515753684345416843454168434541684345416843454665367a665833654d333357727a477830734d6a4d58455764626b5636316d2b7675385a767574532b6971562b39764e654166363953394b4b73526c7530335a506c41314650306272504f364d7753446a33633070543655414e726b442b73467463326a784e766449304437545341513767487449794e75492f3031697531546c5948534e64634e7863484d4949627863783254724265314e796976617074743132366f7856793250527257543946664672484751754f51413462335a7641656850363354414e327873446839703138655155613256736354593257414c5153416269316751322f4541472f4d714d6e726362425a707a4d346835525936357a504563486c5a55337961476e754b594f6c7667354a756c50464a444571596a443269316944616f67736533735659375752383670764a423853525774494c3837325657625868617270764a42385356544e57596547736a385879305643454b6a6c425a57466c426c32525853657950364f4479416646657562485a46644a374a506f3450494238563643795549516745495167454951674549516745495167722f574a7439494566764e3931716452314d544261366161796e352b37786d2b363152637a6c656d6e71683064485231557a3562437a53675056774a77424a79533761386764626634467079377752337255444d527853394c50633433785556575a35627670344b317a7846764e694737473777326a754947413742634842526e797578547653546e4f65317269414c5947326665447742765938776f567878504e624c64754d5a6c767455523037704f4f70756e59646864524e4c636c5057314457757336784c65714c3548375248334c79755537374b31306677744b3873622b3854674f78566274574a2b5530784f66795166456b5671414233684537312f55712b316e6442553162486a466b4d6651676e4a316e4f635841646e6865706548733576714749737848766c6f64486f756158714d4e7530344b5769315171446d51504d56756346664445327741756b707450587955596352713764545a4f4c2f387156627161654c7a366c4c793657424e7a797a4b5164704964673966642b53426f4e543238586e2b594c62744336587261514d624250457a646a364674346d4877643475746a787553745a647049643256736c342f74546c3365434d45473875317630713745567748697751662b71524775656c325a5667643350676850334c536a705539766f5354394b48745157626f7a617a56524543737034356d635a494357754866754734643651724e3042702b6d7259756d70704249334a77794d5a2b7939707842584c37362b3665617561787a554e513270674f49776b6a4a776e62785934666677524c7168435a6147306e485655385654436278797344323334647254336733486d54315142434549424345494b383170507a352f4e767574554d3578557a72523966647a62377256466d507657697a77362f70324f69664a6f3870374247474465656266756a4d65644a7444516342352f7937466c7a4c346b326150315278563635644c6e5a366e71576c704f344865435143584f336d634c74345878374646506443624233534e65633362726264397866484873736e2f523375643041634c6e4c7653587966312b766d464e753745625650536949686778466a4157416c7a7347754939646c6d6c6f3244467a6876484572303568797849374e34342b5a4f6f6f384d6d2b685256586d4e6c7337494c5769724d564d2f64646a49656a4248432b5a486d425769784e50426274723941666b3854734c4362473365442b536764457774634f2f73576165587a2f7164557a65782f495130304c6c485450495737566c4b32793162534549756f633946476372795a796c48527248526f6b6e3070574449557230537a30534248654b394e61536c3277703542414544446f79764b6c706f32674b4e6b59546b43655152433964676c633539424e453433454e53647a75446d74646230373370566d717364676c4b57554d377a61386c5353473378414457747552777875724f554a43454951434549515637724e396664347a6664616f7553366c4e5a767237764762377255774a57697a4f7a72656e396b2b5357344c426532447357624c4b74564f5851676850686132537847322b4b576b6a7546346144324c7a656b537a30582b69576a7757457075714d72784a6e70326836656e6b6946743469374f597848354b736161724c4357754669445967384f3557363169712f61695752566b646d68765355776b65356f7a6476506276456363476852562f584b39547452694c6b63384570394b33476672554670436f6537474d7479784247664a52386c55655937516b4255456b4469545a5563644a364b6f616d5a32506774376d69353767704b7370596f7348795274643245747635777468706e4348526b6b73592f326864305964396e41483034717471346b6b6b346b356b3855516c4b6a6464315a4234306268687a616d4c7165586a4c794f2b6356477463516267324b6c575538736a51324e6a354a4469316a476b6b39746d6a4e516b6c386d64786c2f7a464f6159746a4742336e2f414773634f344a6148566253622b725156702f375762386c49516250644d75425079475a6a514c6c307059774e48456b7549734543326774485356427661342f71355063733658727161456c6733705844413774724475757033564f51436c716d7436375967427976592f6371387273797249534e4872455970424c412b576d6c475432503952746d4f6136433257612b2f326a4736476664465843304f63576a4364755853744841337a48654f33446c737265646c6c59366e306c5153416b62383351753732763843783949506d56557571554951674549516772335762362b376d333357706b47724f764e6532437366493771744c53363341626f7839445865684a5530374a476838623276595264726d4f42423737723274634f72366650327a4253793875616b357132466e586c695a3438724237536d54395a39487436315a542b61532f7375727a4d4e733130787a4b555932797932506974636d3267614d622f7741647a2f45686b39704155664e74546f5739574b70662f4247502f4a556d59562b7074782f7147384e69586f5271755a647254636f714a37757a666d487344536d7a7470656b483452554d5935736d643934586e6c45362b7a487574454b70747342427259414f46494165377735443936784a725a70795442725934623443305559493562784b6761375231664d344638637372673278666d58346c78643658464a713259745a71364c7448545443464158754a316e41396854383676316f7a7070664f3165503746712f7742672f7742537135725a644331346b703571527878643463642b304378623578374670746177676b484d47796b4a4b536f69416b6447396842746674374344327074557a695232383742325469426e336b4b636f495546467675414f5178636577444e532b6a3673785452794d633568456f44484d635157472b5950636b477a746177736a7a5058643239334a4a55554d6b383055464f783030726e2b41786736782f726a77524c7133557a533571364b475a31742b785a49527863306c70643537583836316e6250704a30644779467049624d35322f5939594e46397a6b53523646732b706d684452554d464d3468306a57336c6350316e4f4a633633646332387959625239566a7043694d556267326f6a643073446e5a4532494c484867434462304b427a6e6f48544268654848466b6a643134375165734f64385648616467445a44756d37486545776a69466a5356444e5379476e716f5a494a476e71766236484e504564347754667054626436777a773465626770794452394676757477474c6a396b63537479326436504e5270656b617876675279695a3176315773384c483041656461396f696d714b687770366146306a3348467362546339353742336e426445624d6452686f32467a355348566377744b357555517a45545478787a5045386b47376f516851424345494e4b3268616d767257394a54756132626333487363624359416b7449642b7138467a7365494a4256526a597a7054654961344e61546a647a52365148575745494839487348713366533145625036377271617064676b512b6b716e45386431762b6945494a696c3249614f62313379763958747570716c3256614a5a61315076654d5239775755494a656d314c30617932375352596661425074556e466f716d6231616546747372524d2f4a5951676339417a3744663551737469614d6d744849424345486f744859463436426e32472f7968595167387a5563543275592b4f4e7a48446463317a476b4f48595278433044532b787252637a692b507071596b3333596e744c664d31774e764d736f51654b6659746f7072433135715a4366317a5061334a725142365174703157314f6f64487449704941787a75764b346c7a3339786563626477775755494a3543454947576b7445303951304e7149495a326a4953784d64753872354a6f2f565852786131686f614d746231576d6c6838486c676843423951364f67674737424446433369496f324e4235674a30684341516843442f2f32513d3d),
(12, 0x2f396a2f34414151536b5a4a5267414241514141415141424141442f3277434541416b47427841514451344f44513851454134534467304e44525556445138504541304e4678455747426364465255594953676847686f6c47785954496a45694a696b724f6934754678387a4f444d734e7967744c69734243676f4b4467304f4668415146533064487834724e7930744c5373744c5330744c5330744c5330744e7930724c5330744b7930744b7930744c5373724c5373724c5373744c5373744c5463724c5373744e7930744b2f2f4141424549414d674179414d4249674143455145444551482f7841416341414541415155424151414141414141414141414141414143414544424155474167662f78414250454141424177494441775948435130474277414141414142414149444242454649544547456b454845794a52595845554d6e53426b61477a49795531516c53536b3748524a6a4e53596d53436f714f7977634c533452636b4e45507738516756466b526a636f542f7841415a415145414177454241414141414141414141414141414141415149454177582f7841416d4551414341674543426749444151414141414141414141414151495241794678424249784d6b465245794b426b62457a2f396f4144414d42414149524178454150774437696949674349694149694941694c696476397557346475777773624c56765a7a674469524844466532382b325a756232614e624944746b55646137622f45355463316b6a4f6f52686b4c523357462f5356715a39714b303575713670332f30792f7741796145575366525257666a3153646169633866384145542f7a4c446e78325947786b6b50452b36796e2b4a4c514a616f6f6948485a50776e2f41443550356c3669782b6139684a494f7233575566784a6f4e53584b4b4b49782b72614261655958385731524f50346c74635878624661475951314652555279474e73726256737277593361472b38516c6f456d6b5561635035546353684950684d7278784479795548357776363139633550747632596c376a4b31736453474634335364795a6f796357673574634c6937633962676b494c4f365245516b496949416949674349694149694941694967434969416f56486a6c4f6e4c735972626e53574345646a5777742b3071513555644f5550345a72622f4b342f594e566f4a4f5354396b78567957357a6f70376a4a2f3641566b77337933732f6a64454c4b696d75346a686f46636b59446e787a493756365077592f52762b474456305949704c2f47507a51726375486d3139377679437a4748676464446d7272536e77592f51574744585131686f422b47644c2b4b46626652574f546a70667851732b646c6e416a546a337277637a35724875555042443055654b506f3168697a747632797975334e5a543651757a6449397a72415849766c31584a5638526a6542734e4c6771377657525949655555686857746d734e45622b4e6c78364e6a5a64547958796d4c4761514e642f334c57615775325346344e2f563646714850573035506a3739306e6c644c374e36345a385559785453386e504c4252566f6b32465655437173687843496941496949416949674349694149694941694967504a556365556f3278657438726a76394331534f4b6a6c796b6644466263582f76635a2f557456346479334a6a3157356f4a483230627852386e71515a3336373957534d4f6565713955394733374b6947354c726d2f7158734e73723238446b6638416465584d50445039796d693653384670357958674f48717373677375507257707843546d6e5750696b5862396968756a6e6c6e794b2f426b754e7446616b6d46737a6267734877306e5249716c704a61637a6c624c4a557379504f6e6f6a7a4c4e4931327432334230344c6f4e6736723334704874736231744533737a75302f57745455526a64754f475a48577372594434566f387266332b675036785a2b49766c5735796e61644e364574416949735241524551424552414552454152455142455241455245425252763554446246713632766863647572377931535155634f557067646a46634465336863656d76336871766a376c75544737527a6f6b633058494775593138367552734c2b6b4d72473265714e4142463962656c65487549646c337231446630386e736733734d383746586e676a4f2f7742675670704e7274313157426939624a617a527569325a746e334b573656736d5531424e6d32592b2f6f7a577678364d474c65765974385849574e79764e4e49624e4c745341737557495378766137694c4473504256663254727151354c4a42716a6c514f505a31364b39484536344c4e6235643674694d3373416462484c697379674276726e774843793452577570356157714d366c4c69547673746e6c6e714c4c5032532b4736507937442f414e7059564d53362b5675477571326d773851646a394730337434585375317a3649633465734252784859747a56502f4144544a536f675259546945524541524551424552414552454152455142455241554b6a6e79686a33367262664b326577617047465278355344373856766c63667347712b50755735614863747a525477623264756b42595a2f76574f4a6d676449693479646e34717a6d53663157333266774b4b73644b366f4f355277733536736b3063476341302f68757459656465704a704b7a664e556e4a466e5a6e424a7178727047376b564e4839396e6c647a634c4f792f786a3244314c5956636544777433655a6e784e37546537705452303564325736524865746474466a72716c7a596f326943696836464a5473796969614e4336336a504f70636576303770327a70627338797633656d6173764a342b4448334d6670692f6e584a3230755a31656c464f712b2f6e51304d47317445586267774b6944526b627a314265507a6c74664473476c59656367714d4f4e68303435445677745057356a756c627558424d6c484f504a61475a6e734937313256467336616a5a724561356f4739485047596a715877526666626468337a3947715471433636376d65445555336578714d6332526c706f32314c4a4936716a6b4a35757168647652584a30654e574f7a3050484b3635366d707931786463334175336953566e374b62547a59664b643043576d6b47355630373834716d4935454548494f746f3755646f7957303274776547423950585562792f446170706b705845336441346550452f3841476166534f7578566365524f724f46713059456267317663466e62457a6275505554674c3371364e765634774c663372546c3758447a333174365673746857622b4f55515a622f4730627463756953342b6f465478442b69334f2b5364787064435667524169776e45496949416949674349694149694941694967434969416f5648446c4a2b474b377975503244564939527035565a4333464d51634e525678322b685972592b3562684f6d6d61694f58646230744c456c6448744a584e6f384b77366942335831626638416d645631756a63625167396741763374584276784b37433233533343306e687071756f35566f436354444735736a6f63506a6a366847494163764f5376516e4b334648624a6e744c6c4e42685a652b51524d4f383538675a48716275636241656b6853686e774670776b34654c573845384861644276686c67666e414666424f5233417a506a4d4266346b41645650367273795a2b6d35766f58336e2f712f442f435042664449656533747a643338742f7133744c33345857664e4a326b7647707a6a4b62535438455763626a496c336e747336323634662b527073523371542b79657a7a594d457038506b626b61546d366757316b6c61544a363375587a4c484e6b7564326e69707433334a395648577579734f59735a486a357a53337a7236704e746668374b6b306a36794673344f363570646b3178344631743048734a757557574e79746564532b525739504f7046504661463150555430306e6a777979514f37324f4c622b65312f4f7572324964345a682b4b59512f4d38773745364b2f7861754564494e2f3841646d523769746c7933344336484633564559397a716f3253354453554463663954542b6372484a565147504771462b39652f504d654c5a4f59364234495552787a726d725172794f53757568785645384f61473862337364434630504a7579325055512f4b34546c70393765744e46687a756665337851317a67434e434c6b43336d572b3550326275304e45507971443262316f7a4a2f4772396c6552714e7456344a526856564171724751455245415245514245524145524541524551424552415555612b56427438577277666c63642f6f477153685561655654345578447975506a622f49597251376c75517a69424632634341753632374a6b6a777245474337616a44346f4a664b6f4f6738642b69346b41324870417677586262485378316c4c4c6773373273652b54776e445a446b324f74417357452f6779444c76375346766c705439464964544c7747726452594a56564c44755646624f4b474277796379434d62307267653932376672737559597a4c4c4e624c473675586d3657696d69356e774a6b73425a764575644d352b38397a7236456d326c78626974664746664848713335505278522f5a33644c746542683350756554696b6354734e696465376a547649654a4c2f684e44584e76316b646134634f75632b4a4a50623971747a754c477533526332795868735a49462f4e775578676f743058535557647255564c713341326c39335459664f78684a7a4a6f3552757476313263414f3442654f5438633155564663636d5564485554456b5a63363570597764354a506f577077437566467a38544975654654546d6b4c4c6e654a6351576c747458416a494c63625245554e45334332454f715a484d714d53634858445841653578583437757037653956617134727a2f41315678392f77414f524c2f547165395a65775a2b3647693870702f5a765747397559335236736c6d62434332305646663554542b7a65716356324c63353852322f6b6c41465655437176504d59524551424552414552454152455142455241455245425252733554686646363779754f2f7742417853544b6a5679704f746931656679755032444661486374786154527a72344163757a4c7358696d70484e64652f47376379434f323639307433644936455a64675730414243395252544e6b4d555a314b714f6a6269744e6945624973574c6f71706a524844577362763737426f4b68673859666a4450757a7669314f78646178752f4447327267506979557a327a4d634f3464496568614e7a4c354c33517a53552f5370355a496e616b736c66475433324b72794e50367336386a69376a304d6646734872485759796d716436344a4867387479506d72655952735a69456b59644e44344e4741432b536f5067386242313264306a35677361743275785463627a646655444d3339317a4f5858717562724d5271705a577571357070335a5a7953766b41375143565638392b444e4b636f7a642b6630642b4d56704d4f613575484f384a7269307464564f5a614f41455a696e5964542b4d66586f75586449584575635335784a63346b3363346b334a4a346c59624a46634258534b5331386d6d4664544b73434637324746746f714c7971443262315a6963736a596f2f6448526555302f73334c6a78585974796e45367757354a344b716f465665655951694967434969414969494169496743496941496949436855612b55772b2f4e6435577a3244464a52526f35556668657638725a37426974447557345431526f59704277382f465a5564514d7331726f582f5659397176694d58763233376c3669624e6d504936304d7376756671586d56784a413457755372545746586f33584374646e5a4e76726f57616b6b4e79345a36616a6a5a595a4f3834432b7558586d746d34572f63764459573376624e51315a53654c6d665574525232467a7236677272546267714570476377705768654b53304c6762645a5777772b364f693870702f5a75574d58465a4f77782b364b693870702f5a755766697578626e4c69657a386b6f417171675656353569434969414969494169496743496941496949416949674b46526e35556668697538725a3742696b775647626c53507678586556733967785768334c63686e4d786a71363166592b3270396178485641417532335672717359456b6b6e6a6d6570656b693379714e56717a616973337569787050416e514258346e32574e53795a614c4a445166546457544e654e747132374c356463665576436f32793868317a5a5773373255506a48767a56737a57645a5a4959734f64765479366c4456484f6478706f796d6e4a5a65775a2b364b69387167396d35616b5647376b7470796675767442516e387167396d395a2b4a64775735787a5a464b4e655355675656514b71774759496949416949674349694149694941694967434969416f6f796371337776582b56743967785362555a4f5655652f46663555302f7149314d576b30325139546c594962693556786f467a325a643678337a45697741486e4b38696f4936765374337a7739685571304e684542775634796276484e616f5969572f467638416e6630564a4b6d516b4f444c445878687032395366504432646c6c53576e5533444735337a475631574b51432f6574614d5165503876686e30786b7244367551584f3759456b2b4d442f722b696e35346579377a4a4a4e47394e517359537475536574614d346937717937316266576b6f2b496a374b793469543847525531463548467079766b7569354c6a66484b432f774172682f5a65755045757136336b704e38626f504b34763258724e6b796379366d656e62624a59425656417172675743496941496949416949674349694149694941694967436a31793259504a4669636b2b3665627142484e47625a467a59777951643433577574314f55685667597268634656455961714a737352494a61346145614548554874466968444966335868355567385535467143567864444e55516b6e53375a476a30692f704b303876494f772b4a694c2f5053672f55394b464d2b475056577664714e363267742f7275583265546b4466777846766e705350343159647943314138584549766f4a42395251696d664943397846756e3654396938766c64784c76547176722f396739583876682b6a6c58722b77576f506a59684639424966337051506935586c66626d6367442f6a5969337a55705038617949762b482b50342b497638314b423962304a5068532b6c63682b4353545974444e756e6d7165383872725a4e4f34357242336b757662716153766f654738686d485275447035716d596a4f3238794a703737416e3172364c67324430394843496153466b4d597a7330654d65747831636530356f4459424552435169496743496941496949416949674349694149694941694967434969414969494169496743496941496949416949674349694149694941694967502f396b3d),
(13, 0x2f396a2f34414151536b5a4a5267414241514141415141424141442f3277434541416b47427841514542415045413451454241534478454e445255504451385145413451465259574679415246525559484367674742736c47785556495445684d536b724c6934754742387a4f444d754e7967744d53734243676f4b4467304f4668415046697364485230744c5330744e7938724c5330744c4373744c5330744c7930724b7930744e7973744c5330334c6930744b7930744e7a63754c5330724b7930724c5463724b7930334c662f4141424549414d674179414d4249674143455145444551482f7841416341414541415155424151414141414141414141414141414143414d45425159484167482f7841424745414142417749424341554a42515548425141414141414241414944424245684251594845684d78515646686358577877525169497a4e53675a4768305259794e454b5446584b436f72496b63384c5334664478553156306b72502f784141614151454241414d424151414141414141414141414141414141514944424155472f3851414b52454241514143415151434167414741774141414141414141454345514d4545694578515645464532467867624842345251694d762f61414177444151414345514d52414438413769694967496949434968516337306e352b506f4e576c7051773154326257523867316d556b4e37423548356e45333157394679754635557a75714a6e4579314e54554f76693653706b59332b466a5347676441437a326c6d6375717132516e46316161662b434a674148566975634b775a6735775338332f72532f56665074424e7a662b744c39566951652b2b50465636326f456a673572417a41416875346c55582f414e6f4a7661662b744c39552b3045337450384131706671735344304b3670716c6a5736726f57754e79626b343957346f4c7639767a65302f7744576c2b712b2f614362326e2f72532f56577071326639427678482b56553571686a6859524e61656478636649494c3737515463332f414b30763156534c4f616f5962736b6c61654772555474507963734969444e795a7a54754e33766c65654f7455546b6e2b5a587554633770346e4178564e5454757667364f6f6b633333736353434f6772563051536130595a2b767279366a7139587970724e72484a483573645846657863472f6c654f494748455758523147505252554674545253413474726d51443979567042436b3470515245554245524152455145524542455241516f6851526630702b75712b314b6a75617565335851744b6e727176745370376d726e696f2b33586f727969675853364c347273666270644356385548323658587846646a37644c72346962485164463372715874536c38564b4a526430584430744e3270532b4b6c456c42455251455245424552415245514552454243694642463353644b31386c533970753035557153306a6a67423367726e7933585062376b6e6164562f5574577956453138384448433758545274634f625334416a344b3057692b7446393573756a61623833715367724b654b6b67624378394c745842726e75446e3752347635785041425564464f5a554755445531646134746f71526d764b415333614f735845467778445131704a746a694c4b446e316c576f34672b526a446748506177387743515046645747587330356e476e666b75616e6973344d6e615836376244427844586c3250432b747646777561552b7a38725a7374665a65557432573074744e6e726a563172596131725874686442305053626f7970386b306b6454465554537564554d67315a4778686f61577664664144487a566a39476d6a4b544b6f66504d393950534e75316a327442664e4a79594468716a696565413432374a6e6a6b675a596d5a6b3873654b576c6e5a553130754c645a2b6f64576c69504678612f576334594e4241336e4454644d57657a714667794e51526d6e4778594a587461597779456a434b487247397736514d6232446c32664f5461436b715454554e524c55694f375a354837505a6d532f77423250564749474e7a75767533584f737259387963316e35557144544d714949483668637a6276494d7039686a5269343275634e7742567a525a6c7953306462574370702f374735375a5974636d647a576e56456d71423572536267587466564b445646385861614c4e656b786947522f4b4b6475545256304e57313035666c43734d4f7559535137566463363445597352732b6c635a6530676b45454547784277494934494e2f30586574707530365878556f564637526236326d37547066465368566f49694b41694967496949434969416949674955516f49733652346d4d64554e6a4f73775a547164553632746359486678784a576f5a452f45302f77443545583959577a353766636b37537176366c70384d726d4f6139707335726735704842774e7766697152323754726d7858566c62547955744a4e4f78744c714f4d544e594e6474486d783662454c376f7479524f326779766b65654e314e567a514f6d68624b4e527a6f355933524239765a446d324a36566f544e4a75584476796a4a622b36702f38697864666e545853314c4b3139584c355378676a6a6c625a6a3273462f4e3830415738343964385576686c4d62703144524e6b75727070426b2b7479434447365753575370714b647032666f785a6763576c7268724e46724f2f4d7563353377745a6c7971597872574e626c41687257674e6130625159414441425831627049793573773132555867455775794f466a2f7744324451666546707236755230686d644935306866744339784c6e7566652b73536435767a5454486154326c724f4f664a6c4c5456644f664f625852746b61667554526d4f573862756732474f38454138465a5a637958525a305a4e5a55514f444a326737427a767677533278703562666c4f4879634f6e67325838394d6f31385168713674303059654a41317a496d675041494238316f4f346e3471686d2f6e5057304265614f7066415a41424a7168726d7574757548416934787833347144614e4632547061624f476c7035324f6a6c6a6b6e5a4931777842454d6e7842336737694464584f616e344c4f6a2b356a2f4150724974566e7a7a79672b7169726e314a4e56453073696c32554963476b45574e6d324f446e627764367371584c64544579706a5a4d5773716747315931576e62414f4c68653477784a3357336f4c574f746c61476873736a517832764747794f415937326d6748413949564637795353535353535354695354764a586b72334b5153534271692b41424a743779714e2b30572b74707530365878556f46462f526236326d37547076465367536769496f43496941694967496949434969416852454557744a464f496e5645594e77334b645341534c4533736646614746305453763636713754714f35713534304c4b545939756c4a466c37706f532f414a735656704c736343506630724f593363326c7431343976465148626e4534594335334b324b79466138754e39573375566d5746585047532b43623135556b73716f6a4b71775568642f7174636c766f746b6d367477454b72537832772b4b706c716130532f4c7930322b467431313573716861764b614e7567614c5057303361644e347155436a426f73396254397030336970507156524552514552454245524152455145524542455242475053743636713754714f3571352b474c6f476c59656e717530366a7561744461624c5a6a504170346856493553463865363676636d30516b4e33334559506e57337550736a36713930786c7974394d734d626c64525679645254314a496a614e55477a334f64717362317550634c6e6f5763476263546242315136523173524648714d42364336355058594b355a4d3756444932694e6a5259574667337136656c65364b4176647174756363626c65587a64586e6c7579366a32656e2f476432726b70783572774f77316e67384c53617837724b764c6d444b526542386c37666e6a75302b38626c75575361574b4b7a645553536e415958414b32447957574d42306864716e454e61645676784331394e6c31504a65365a61782f6a38742f4e2b50344a2f7742646566372f414d6e4273715a47714b5232725551756153664e64613748395476446573593463314b656a7964535630446f706f6d764275306833456442357268656b7a4d5a32533567364d7566537945374a7a7358527533374a78343877654936517655787938617465487a634d777a737833342b326b4f564d716f56544957566a5248514e4677744c5467372f77427030774e2b473953645559744744693661416b334a796e5445333437314a315931612b6f694b4169496749694943496941694967496949497961557a2f4147697037556e376d72524a794461334c48725739615666583158616c52334e5768674c5a6a46333466594969397a577446334f4961304469346d774336546b6e4d6d587a63504d414f49473844652f336d39766374567a4370424c6c436e616432733535767773446a3774366b7a46534d62544f6661336f795732344e41774877586c2f6b6375664c4b63664472784e336275365334386550665a7532366a677557484272746b77594441665571765150314732623934377a78564c4c376253756352695463394638624b346f3437524751386b3658704c6e6a4f372b723676484b59572f4e30794f5436375a48574a7834724c562b65596445474751617264312b4238567a6d767269536246577346534164596c3274636167446233353863447534664265782f774161616b2b4a385046352b766c7a2f77444d746e7a666830484965655a696b4774634e766a635777384630724b314e426c6a4a306b6544673968736435593859687735454778584c736e5a74506d6f7a55534d46374f4973627562797835395332725135554f613261467850764668666b4671796b752b3261303565716e644a6c645736332f414b7150395a5475696b664538576578376f336a6b35707356546941766a795731615561585a35557162577338746b467478754c654331654d57494f39504f764c7a4c4a4d724a366a654e4748726f4c66397a7037664e536555597447523950423270542b4b6b367361774552464152455145524542455241524551455243676a467054396456647156486331614b304c65744b5872367274576f376d72526d4262734a3452735759637a593636467a3736746e67324e69526245412b355367704a6d533077494931537932504b323552486f707a47396b672f4b344f393348354c7132524d3770475247505775434c4e7564777476574f66484e393379362b4f343559544733566c3274633857735a493443784a6362654a57467071344f6159654e6a6270586a4c7462744a43343467445662336b3979317a614f4474596237334675433338654d6b394f71666b4d73632f506d663456717431753565736a77363067754c343246686646654a58475533746a76494845387773766d3947524932773163634d4c6b6c646e4877336b763848506c7959334c64394f2b35713034386b5a47572f6c735237754b30544b456a344b367a504d5943573262356f76784a58514d31664e706d46787849317436306a4f36614e72707041665063585750426f346e344c44707550483975574e6e68352f562f6b70773333357976707976504f62796d7663376d316f377a334c587034544736337648557279727174615a306734767550335267506b7146512f584e2b6979342b54567a757657322b65634a623762586f784e356f4f314b6678556e6c474852695054552f616c503471547930566749694b41694967496949434969416949674955516f497861556836657137566e376d725359324c664e4a456a6d565537326d7a6d35576d65303242733461704273634374504d52635334346b6b754f47386b334b36754443355370754b44474c4b355071797a7a6234634c39797052554a50425642526c622f3155314c5061764e4d586636425772327137464d37686a68785643566a6d2f6561523773466e686a3975664c396d46387a63654743335866437857576f4b3937534f50574d6669734f4a4172694635344e5077775871394e6e68782b6264526a6e6e6e6e4e534f6b55476470624747416b5957784f3561626e626c3879586a61635468495166756a32657371776c7158323157346343655075574d64546e2f6c656431665534627550465066757448542f6939636e3765547a72314b744575726b3079704749727a4872324e73305a48303848616c50347154716a466f794870344f31616678556e5672725549694b4169496749694943496941694967496949497a615566784652327250334e577278725a394a2f34696f37556e2f777257496e4c302b676b7375326a6c7937644d785155726e367257346c784457384c6b6d774631397161643862335275774c5846707351345842736245594872437a5753614e6869446e4541327776697350576d7a794c34413246734d463676364a664d726b3475736c79732b59387375726c6f6475754f574749574f4d35484666504b79744f66484a385053342b6f6a4c745a7a74384564447247317838466952566c44566e6d75585047613852307a714d597231456571624b6b417162704364362b435263333637394e64366a4331376b59466179414c4c4d7357394672347245796b593235344c5863664c446b354a4e65576630612f69496531594f387154616a486f312f45513971302f65355362584c666246395245554245524152455145524542455241524551526d306f2f694b6a7453662f4374536965747130706e303954327055647a5670544a4633644c79647533507a59373033764a3161305267616a5467415362754a2b56677354575458653772344b7770717767622b4673435662793146795636575055366556683031787a7458706343766d4378336c42586f5643327a714d666c30546a796e717377497862334b6d574257394e56744938343439363953314c5266487173567a636e55543149365a7833586d764d6b6d4b704756577a35377169365a6162797a544759566b5255345775714d7371737473764435567a355a79732b7931752b6a512b6e673756702b387154616a426f7a5070716274576c3779705072697964553950714969696949694169496749694943496941685243676a4270545070717674576f376d72514e6f65667958534e4b394b577a567a626563334b4470336675537874634431622f41494c6d69796c73394a71664b714b683350354244554f352f494b6b6976646673375a394b6d32647a2b53625a3350354b6d6976666c393031507055457a75667958336275356c556b553772396d6f71625a3350354c3574447a2b5338496d37396d70395057756566795458504e655555335455622f6f775070615874576c38564b4a526e30563070644c524e74357a386f78796a6d57524d4c69656f594b54436c5552455542455241524551455245424552415245516338306c5a6b507244355853686a7167523743654752326f79736842754272626d794e4a4f71343459324b34626c584e4a306269484d6e706e58785a55303067743150614331773651694b7759702b51586a633848715a4a3946544f525a66384162582f52455652354f525a655838722f414b4a2b7870765a2b54766f69494837476d396e2b562f3054396a54657a386e66524551426b61586c2f4b2f364c304d69792f37612f364969436f7a494c7a7665422f424966425a544a6d615a6b6341316b3953362b444b616d6c635431754941614f6b6f6944754f6a544d65536b64355a56746179665a37476d685937575a527845334e33626e534f77755268773675696f697855524551455245424552422f396b3d);
INSERT INTO `imagenes` (`id`, `imagen`) VALUES
(14, 0x2f396a2f34414151536b5a4a5267414241514141415141424141442f3277434541416b474277344e4467304f445134504451304e4541384e4451304e445138504467304e4652455946685552457855594b43676747426f7847784d54495445694a536b724c6934754678387a4f444d734e7967744c69734243676f4b4467304f4652415147793064487838744b7930744c5330744c5338744c5330774d4330754c5330744c5373744c5330754c5330744c5330744c5441724c5330724c5330744c5373764c5330744c7930744c662f4141424549414d674179414d4245514143455145444551482f784141634141454141674d4241514541414141414141414141414141416759444241554242776a2f7841424b45414143415145434341634c4351634541774141414141414151494442424546426763534954467873524d3051564668644e4569497a4931556e4f426b624b7a7443517a516b565463715042384251564a55526a6f61495767704c78513152562f3851414767454241414944415141414141414141414141414141414141454541675547412f2f4541433452415141424167514542515143417745414141414141414142416845444242496842534d7a55524d55465446424a44493059554a784970477867662f61414177444151414345514d52414438412b3467414141414141787a6d6f7074744a4a4e7476516b6c72625a47304562766e474d6556474647546a59714b7170614657724e786850706a466157756c33475552544a4d564b6a614d714f467076755a55616135457153306575386a5932377457575554444c2f414a6c4c5a546832445a4f33644634385961617a763271536a66646e4b4e79763574513252737853783577747932366136462f304e6a5957504f46662f66716672304459325a49593859576571327a66363244593262303861384f3036564f764f72566a517174716c576c5437696f3172756433512f554e69384951796859575838776e74707737426545624f685a4d7075455976766a707a584c665354334e434c7a384a6d30664b3534765a51614e6f635932694d6156375334534462684754314b53656d4f33554a69794c3358644d4a65674141414141414141414141414172475553304f6e673674464f3768703071446166304a5457637654464e656b522b7a2b6e77324743375661334b7454704f555a53615462684661486463723371576f71347562774d4f625373345755786354325a46697a62667366784b66616566714f5837732f543862736d73574c6439682b4a543752366a6c2b35354447374d3863584d4a5a6e4238453878764f7a6546703358382b73656f35667578386e69396e6b6356626679554e6639536e326a31484c397a796d4c32532f77424c59512b772f4570396f3952792f64486c4d5873504661332f4147483474507448714f583770387069396d35614d4859577157656c5a61696c4b7a304735557154715573324430394e373175362f56655436686c2b36664a34765a6f66366274763250346c5074487147583770386c69396e6a7865746e32502b634f3054784442376b635078702b45663364614c504b4571734843453377556e656d6e6e636a75663675505844783850452b586e695a6246772f6839777844746b3752677578564b6a766e77627079623174776b34582f414f4a595631674141414141414141414141414142554d70334549645a6f6232494647785458794f6c747165386b6374784b6671616e5335447055757a46464779374c4c4168684d4d3047513835686d544965637739624a677369325a776d7a444e6d544f4959704d79656b4d556d54665a6c487534324d36377a54382f53337332484470357168784c704c2f6b7a38553254626150694b68304c6e567041414141414141414141414141425563702f4549645a6f6232425363556f7639686f37616e765a484e5a2b692b5a7164486b5a35564c744b444b6330726d70367162356a4361574f706b55587a445378756e472f6d49306f536245556f52624d6f705378535a6c705a77673054705a494e43327959393347786f586561666e3657396d773464484e554f4a644a664d6d547677545a75695664666a7a66356e514f65576f414141414141414141414141414652796e385168316d687659464b7853346a5232315065794f627a2f567164486b5935564c74525a5275747a43616d4c735a684e56444a476c374774306b6f304a71763841713479686a345a77327a3147647a5167353943395243644b4c6b75594d7250476f387869524d75486a5a47504155376c2f4d5564374e686b4f72436a78435a384e64736d4869717a2f66722b2b6b62316f6c724141414141414141414141414142556370334549645a6f62324252735648386a7062616e764a484e352f71314f6c794563716c32564d6f32584c4a4b5a4e697877686e704e4171694d744b4e44334f524e6a536b7049575961524d4a65674c685073586358477464347039596f373258386a315776346a504c58664a683471732f33362f76704738614661774141414141414141414141414156444b6478434857614739675550466269644c625539746e4c63522f4a716452773738656c3157796e4572316b584e6d634d724d66434d7a6955326571624d34714e4b61714d6e556a52436171736a557830516b717a46324f6c3777777561587644695a59364e3349786d71333061612f723074374c2b516e6d746678476a6c4c376b786a64676d7a644d725131647a63504e666b62317a713167414141414141414141414141417147553769454f73304e37416f654b7a2b5230747454336b6a6c75492f6b314f6f34642b5053366a4b6b513243456b65314e4b626f3347656c6c6351306c306b4e4c4636694e4b4c50534c414c44786978487535654d587a56507a314c65792f6b4935734e5a785365564c364a6b7a66384a73765136362f486d7a664f61576b414141414141414141414141414651796e635168316d7a37324350645173574f4a30747454336a4f58346a2b5455366a6876527064516f7467697a30706c4d496e76465566326251337147434c524f4f646d5a6b4f5356575370782f76704c4e47465656485a55727a6d46544e72336e394d6977504c5571396c62357548562b3439764c5438565865586e34336d615a59625667753055566e5470764e38754455346574486a5667346b5058437a6d466932693757563558333970576252385062695a70747642652b78635954644e39334c78692b61702b6670623258386a4d2b4c44576354365436446b7866384a733333712b746631356d3963307459414141414141414141414141414b686c4f346844724e446577523771526972547673564638377165396b637078476671616e52384f72354e4c705367305537746c46534d61546b306f712b556d6b6c64706266496574464e357356567854457a4c70546c4378647a4652713272365652724f703048354d56797936655176544f486c3976655776696d764e627a74542f3171326d6e57715531614b737056464b6f3664386e66633072372b6861313644484538533275646f6532465867305665465473314d3072587450766463767333364c723261464b7443556f78713539792b693831336156716435646e45786161596d464b6643783671715a6a325a335368616f796c536971646f6a664b564b5067565938736f4c6b664f6a4f394f505465506434363638765670713370377563696c71745661577776654c776e63544e63497675342b4d337a4e507a394c65792f6b4a6a785775346c504a66514d6d66696d796262523852554e34353161514141414141414141414141414156484b647843485761473967552f45392f494b4f32723732527833465079616d2f795854706457647854706a57765275327245754270314c5464335337315276354b6b6c706c3646764e6c6c3530307a697a2f77434b325056346c55594d662b7555316670313872623173384e577162723857706863375267793742797058643343437166373133543374472f7277507074446e61637a39547255334e636d6b74626155567a74366a5255787174533647616f7069616c76786777636c59595269744e6e554774695630743935767331673869496a3461444a342f7742524d7a2f4a554b4653554a4b5558644b4c5454365561544471303152505a763841466f69716d302f4c65777254546c4374425a734c5248684575534d3737707839653839737a46366f726a35566372564d553159632b394c545a562b4675506478735a666d61666e3657396d773464316d75346c305830484a6e3470736d3230664556446f584f725341414141414141414141414141436f3554754951367a513373436f596e4c35425132316665794f4f34722b545533325336644c717a563553706e547433586f6e54753237624736793253506c4f744f58533836376362484632792b46456674577750794d576636612b43624e77746f70517576576370532b36744c33455a4f6a566a785339733169616347616c2f645344655a6e52767538473958336244714a71706e5a7a4d553152757075444d4733572f6733344e4755707659764233784e4c67344e733162733365597a4638724539317671356c574d365764463378635a4a4e4e704e586155627575315561576c7076544d5657664e71744a776e4b4431776b3476616e6363746930366135706462685636364b616e517161624854762f415048586e435051705154336c6d754c3448394b564d2f557a2b34614c4b5877767837754e6a4e387a54382f533373325044757331334575692b675a4d2f464e6b32326a34696f6443353161514141414141414141414141414156484b6678434857614739676c556354562f44364732723732527876466679616d39796654706469614b46375175303779327251732b79306e6f766f7a6e4239436c33532f4d32557a4f4a6c36596a2b4b7252566f7a46562f355063475434476e57727277306c537075373655744c666f5350544c544746524f495a6d50457270772f7744625356366c6e58764f76767a722b367635372b6371546a31553133685a30784e46724f70614c663374314975363056347870564c7444696f583379584e666645325665637452346b6664556f346557356d6d6674687961457055354b63486d7a6a793970537738656161745639312f4577365a7074384e6e444d464f70477446585272776a5575357061704c316f7335722f4b754b3439716e6c6b36394e4530542f46376159356c6d73384f5763716c5a726d5867782f4d59733277714b5069574f464f724772723757687a576972384c385475342b4d36377a54382f53337332584475716f6353364b2f354d2f464e6b32326a34696f6441357861514141414141414141414141414156484b647843485761473967564445795879436a304f723732527876466679616d2f795563716c324a544e664562585849693074697757694b63366454357573737962386c2f526e364762484b343052716f6e3556387a687a616d755065433135394e526f53563342796c4b394f39564d37564c5a63686a557a54616a736a427456664537745a4d71517450544b3935737874745a485236782f314e3737646d355a597574474e4f5630615642796e4f7133344d48726a746257673257587038574b615a396f55386166436d717150354e61335772685a7553563064455952386d43304a48686a5636706d723457734843305578542f7471746e6c4873735237754e6a50387a54382f52337332584475716f635336532f5a4d2f46466b32326a34696f6445353161514141414141414141414141414156444b667843485761473967554c465374645a4b5851366e747335546955587a4e54702b48303379314c744b73612f5374365752544672496d6c7657613352635654727863344c774a786431536c39313871364758734c4d55317862466852784d76564533773574505a6c6a594d39393471303671354974356c526259736d637054564e384b626f38784e47324c545a503930576e5536543275634576586559655278352b45546e634c346c46324f6e5430313673566439436c33645239462b704870546c71614f704b5047784b2f737061397374756646553452564f6c4856424f3979666c53664b78695931396f6575446c725465726557684b52586865696c43557a4b59396b7847376a347953373154382f5333733258443435734e66784f4f532b68354d2f46466b32326a34696f62397a613067414141414141414141414141417147553769454f73304e37412b625975564c724e54327a39746e4d352b4c356d70316e4459766c7158575659707a53767a537a517247476c357a4450476f5931524e39746e6c5654457071715a5454566265574d305248777952716d55565652397373617150304f6f524d5631653554524c444f6f5a5251394c4d6371686c70737a694c7354714764746f5a55787535574835583036666e7157396d77794d63324775346e484a6653636d666969796262523852554e36356c61514141414141414141414141414156444b647843485761473967664b7343564c71454e732f615a7a32656a6d314f76345a2b4e5336556178557376797a517245575954445968574d4e4c7a736d71773073624a4b7554705270652f74424f6b306f537247576c4d5178756f5a615763516736686c4e4f304a6a33632f444d7234552f5055743565794d633172654b64463950795a2b4b624a74744878465133546d46704141414141414141414141414142554d702f4549645a6f6232423867775655756f78327a39706d6a7a63637970316e444a2b6d7062304b70557376366d61465569794c73306177307362704b754e4b4c6e4447576b75634d54704c6a7245365337783169644a6334556e5473525675314d4a7a766a54383954336c764a787a5773346e504b6656636d66696d796262523852554e75357461514141414141414141414141414156444b66784348576147396942385a77632b3952327939706d6d7a6655716456773738616c747152565857534d774d696d4c4d556c4d57516c6e6b325139556a4b77397a6953356543356554386e793137653946507a7450655773703937586352364c36336b7a38555754626150694b6874484f725341414141414141414141414141436f5a54754951367a5133735150692b446e33714f3258744d303262366c54717548666a5574744d717236535947524d6d364c4a4a69364c4a4a69364c4a4a6d567979535a4c4777676d79534a2b55664c57742b716e35326e764c57552b3972754939463963795a2b4b4c4a747448784651326a6e46704141414141414141414141414142554d70334549645a732b396766467348664e52327939706d6b7a63387970317644492b6d7062534b393136796146797961434c4a6f49736b6955575351525a366962695346304a4a453333526264725739614b666e616538743554373273346c306e317a4a6e346f736d323066455644617564576b414141414141414141414141414651796e385168316d6876594966463847727655647376615a6f7333504d71646877755070715730697464734c4a49584c4a704573624a6f49736d6b54646a5a4a49585970704533487151757853534976755733617545466f702b65703779376b2f766133696363703962795a2b4b4c4a74744878465132376d6c704141414141414141414141414142543870764549645a6f62324a396a32706643374a684f4e4f47593479647a6c7054567a7664357263664b7a69546476636c785077634b7a4e2b2b496552502b336165586b4b6c763176443750566869486b542f74326a794652363368396b316871486b542f773752354370487257483254574771666b5439634f3065517152367a68396b343461702b525031773752354445597a786644374d697735543869667268326a794749783957772b7a315963702b52503177375366495648713248326572446c50794a2b7548615049564871324832532f666c50794a2f77434861497946566b657255784c4657776c4773365549776b752b516b334a726b6651574d746c5a77355538356e36635748326a4a6e346f736d323066455643383153306741414141414141414141414141712b55537a75654471306b722b416e5374445356377a495457632f5246742b676c4836666e5331306e43704f4c3547326d74556f765531304338516e394d535a482b4a7339544671545a4f4f7661394c3568616b764462564f6a35625732533965726b357555577054736d36644853314f3561306b37322b693637302f32434531526f2f61584f3936633561467a333361646e5430417331454c51575351745357656f62516a2f4b5778596c33616b2f427039386b2b5a4c534e4d4a6937394259673253564442566868555762506775456b6e7254715363376e2f7941734941414141414141414141414141495469704a71535454545454563661664930423876786e79544b724b5538483134306f7474717a57694c6c54673379516d753669756a53425372566b74773542764e6f55617135345769476e30537559476a4c4a396836503165337371306e2b59474a346b3463583162566579352f6d4242346f3462583158614873686541574b6547762f414a646f2f774344416c48465044622b713751747362674d736354634f76566779717472532f4d444e444554443876712f4e365a5661532f4d44657375544c447452724f6f3265696e797a72773065694e3741752b4b7553794e43554b75454b36744c67314b4e6e70526361476374546d33706e647a614674412b6c704165674141414141412f2f32513d3d),
(15, 0x2f396a2f34414151536b5a4a5267414241514141415141424141442f3277434541416b474278415144524151454241564542414e4451304e4451304e445241504541344e49423069496941644878386b4b4451734a4359784a784d664a5449744d5377744d444177497973384f443874517a51354d43734243676f4b4451304f474241514743346c487955744c6930754c6934744b7930744c6930744c5330724c6934744c4330744b7973334c4338754c5330744b7930724b7930724c5373334b7930724c5373724e7973744c662f4141424549414d674179414d4245514143455145444551482f78414163414141424251454241514141414141414141414141414141415149444251594542776a2f7841424a45414142417749414277674f43514d4541774141414141424141494442424546426763534954477845785242555652686358515849694e4355334b426b5a4b546f624c423052596b4d6a4d30556d4e7a3068576938454e6b346646455970542f7841416141514541417745424151414141414141414141414141414141514944424155472f3851414b6845414167454441774d4541674d424151414141414141414145434178455342434652457a457946434a426351557a556d475249304c2f3267414d41774541416845444551412f415063554149415141674241434145414941514167424143414541494151416742414341454149415141674241434145414941514546585652784d7a3548745930643838674241566f786e6f73374e33773234414e724f31655a57776c7755366b65522f306a6f2f446a7a4f2b536e435841366b65512b6b64483463655a337954435841366b65512b6b64483463655a33795559533448556a7948306b6f2f447439462f79544358417a6a7948306a70504474387a766b6d4575426e486b50704653654862356e664a54684c676e4f504948474f6a384f337a4f2b536a43584248556a79565748636f4f44714f4d506c6e766e6b7459316a48467a694e616a462f49795437626d654f577a4266367671307375526b2b41374e6d4376316656706975526b2b41374e6d4376316656705a636a4a384232624d462f712b725534726b6e4a384232624d4666712b725559726b5a50674f7a586772395831616e46636a4a38423261384666712b7254482b786b2b41374e6d4376316656706a2f5a4754344c444132566e4256544d32455375696449344e595a324672484f5042666738716871784b622b5562785157424143414541494151486e32552f514943375348565545516153625a6d732b657936614d5661357861696f30326c77633749475748614e31447641757578353438553750794e394149426437732f49333041674633737a386a6651434568765a6e35472b674573514a766150386a665243574a454d4450794e3941494c48504e47776434336737304b475446626d56646931464e4a4e563148645336706c67706f586b376c44437a5265334753734b4d564e74794f72557a6c54696f776469435841644d503841786f765642646170552b447a6e58724c2f77424d682f704e4e79574c315156756a54344957707266794a473449706553786571437230616642623146586c676345556e4a597656424f6a44676570716679596a6345556c78656d69746358376d4e536447504139545576354d3757594677656267557365735a726e526a514f4851716446634769314d76354d3642674c426d6d394e487a64796171394a634631586638414a69757742677a4e4671646d646e4f7a727874746d614c6558576f56506665493951376554494a6356384853414d3342726334327a34786d5061654d464a555531324a68714a702b5236686947392b38477879504d6a715a7a7166645866616531756f6c65664a575a36385864584e476f4c416742414341454235376c562b785339646758565237486e616a7a66304d6a31446f43366a6b486f4251674651416742414935415631613756306a6171545a65486372704a4c55343635572b386f3079325a6257757a5278756c58556346794f345172636d6151685a53464943433478374170755661493749564641517369646a465735657830303058624e385a71713261526a756237456a3769626d71705635552b3537385046476b5653774941514167424165655a562f73557658594631554f78352b6f383339444939513641756f347967786d7877676f5874694c4853797561486c6a43316f597736726b386474537971566c46324f696c703556466370426c506a35472f313866795766714677612b6a6649765a506a35472f3138667954314334486f6e794a3254342b5276384158782f4a5055726765696649646b2b506b622f2f414b492f6b6e71567754364e386832546f7a716f332b53646e7954314334486f3379584f44634e7856734f367841747a5a4179534e3973356a76694e4f745755314a584d5a5533546b6b7a715930476e462b575676764b61477949316e6b69576e65474e4944576e4f4c485863304731762b31724c6665357a78736c324a7168684c44654a674467426e434d41673866546f565976667561535631324f49305861357774613446733458302f394c547162324d656c7463696e7053305875306a547044752b4842303656614d373747633457567a6a37596b4157306b433557765a584d6274757779614e375477485342634868352b4a49754c496c475359365746374e5a42734154593843685369797a6a4b4a4951396f427544647063414861624b757a64697a7953754c54562f6274385a716d564d6d4e5464486f2b49787654796e6a7170666776486e354d2b6a68346f307171574241434145414641656435567a326c4c313642645648785050722b63766f534c554f674c714f4d386b796c4d497771386b614877557a6d383762573268635662795055307636305a64334d4c4c453652644672573038614151613953416b686330534d4c6d335948734c322f6d626653504c5a486346376a48684b6b6e6e59366a68337378734c6d76446d4d6a7a335a31786f463951304b6b464a64795a572b43357962734f34314a4f7031524130486e413037563155657a4f4c5539306246745331744d4c387372666557326e69326a6d316b6b6d726a494d494d424a30693449426141533038646a304c6f6c54624f534e614b456b726d57666d6c784c7859336147744176666a356c4370793275524b74477a73794b4f7247593845324c6a48625164567a666172754f365a5256465a6f66557a677361304672693075735977514d336e353943724662746b796c654b52784f6153527241754e4934417450677874646b6c66456241746d3351456e7462454f6230714b637556593071523232647a6e713275456262545a784f626e523570425962653279744637376f79715853325a4757397776766741357037675163346d2b6f62564e2f64624572663258794f4f6d6364305a70373975316153374d7a684c6448726d494c7671386f3471687858677a386d66575138492f527146557543414541494151486e57566a37756d36394175716a346e42572f592f6f534939714f674c714f49354d4a594870716f4e46524332584d766d46774f63336a735270565a51692b356546535566466e434d533847386b6236636e7a56656c44673139525535462b68654465534d394f5435714f6a4467656f71636839433847386b5a36636e7a5470513448714b6e4966517642764a47656e4a3831505268775055564f5270784d776279526e7053664e52305963443146546b6c645352777362484577527874634c4d59327742756a53585971704f54757973726a3341616266584b7a336c7270467359666b5861614f467278787272614f4449666e6a6a56515747365570734c7559526d3349756334323039476c5a663945622f41504a6b734c715561544938324937584d48624256617163466f756b766b36474f7076434f7666386731636172616642706c53354a4244415365334e74466a6d2b64526c4a664262476d2f6b687161534f777a4353626d2b63414e43744763766b724b6e48344f47576743305651776c52524646673975364e386471746d374d68556b6d6a306e454e746f5a754c664467503841504b76486e335a394a447858306a554b686345414941514167504f38725033644e313642644e4c784f47722b782f51794c3749364175704848596c436b6977354362416f4667515742534c4458366b4256312b73654d33617370476b536b776e4358553449355a576538746447396a44386e4675535a52755951753759386762705569354977633671793664782f6c516c69627552777069696e754a34384a6b4b7267625271535231523458343152307a5656696475456d6c52307933564a495a5135376450664e555773546c646e6f2b4976334576575a4634382b37506f6f654d666f3079715842414341454149447a764b31393154646567585253385468712f73663052776e74523042644e7a6c73536771626763436d34734c64535146314677424b6b444846474372727544786d37566d2b78704535487974464d4165575676764a706b374f785858536a644a6e4357526e6958566c4938397867774e4e467868546c495951493330636641564b6b7948434b4f65536d614f4657545a52714a4136467174637130694e7a474b5663717942774841726d517978516e496d70584f33526c6a33376471724a624634533350593851667730765748374634452f4a6e3174507758306168564c676742414341454235336c614863715872314f74366669636458396a2b694b4837493641756b3557695146434c4371535568516f4a42434e674b6d34614564715545574b79743450476274565a646938544f345a6461456463725065572b6937484e2b53386b56445a5478727432504a334a6f3575645130575752304d654477717066475230736a42345656794c78674f4e453039386f7a4c394d6966677763616c5449644967646730384256756f5a756b4a7642795a6f7230575355314934534e30642b31484e574a6a536161505763517839586c36784976446e354d2b71702b4b2b6a5471686f43414541494151486e6d5676376d6c362f543756765438546b716673663063384a37556441585163354b43704948424259564c69774a63697749426a6c414b32734f6b654d33617179374634726379324d514f3543334c4b7a336c746f2b786872375a626d6637646470352f7441422f4f6f3348734a6d4e6b515a49366f6d796361575247523252352f476f7369627336477566776c527350635033596a68537856796b684e2f57544172315769616d72775873385a7169554e6a53465737523666694c39784b654f706b58697a37732b6c683472364e4d716d6749415141674241656535572f754b6272395074573150736330764e2f527a52665a48514630484b795149427751436f41756c7746304947755146585863486a4e32714a46346d6477394d4777692f4c4b7a336c746f33737a6c2f49526370496f4e39433441467953414141546372747973634370535a746358385737415331545263327a5948577333697a7566547158505572664554716f36564c65525834364e6a676d696247787241364a7849614c584e31616a4a74626c6452535361735a7731353441745442524e54692f69394c4d317373354d6248574c496d2f6265336a50455061734a3162624936366444355a617a54594d674f5935304f634e4242635a4858353961793937334e63616132474f77665256545359484e4248665537394c547a744b7370536955644f444d626879696d705a4d312f624d64666335573373386641387936497a75633036435278556c51376447654f336172536578534d456d65365a507677722f7742392b774c77702b5450704b66696a5571706f43414541494151486e2b566f6477707576302b3161516578684a6534354976736a6f433645633168396c49734f436b69777143775851574242596135515459724b3367385a7531566b7979526d63596d4178432f4c4b7a336c303654737a6a31386d7068696a56556344704a4a6861526a63364a3537625277686f2f4e705731574c6659776f5453386952324d443675767068664d69625578466b4950446657654d7068474d587957366b707a58424a6c48654250422b7737336c576937497471497473717354364e7454574e6134585a45307a534136694271486e4956716c5379324b55715635626c336a356a43356a3936786b7437554f6e6330324e6a71623574617a707858646d315675316b596b5442627152794f4c4a716172644738505953313764546d36314c73396d53726f3355637a612b684f63414845467041377963616950503756696c6a493162795269615633644743326b506144303357376173594a626e7575543738492f6e6e667343384b666b7a364f48696a55717063454149415141674d446c5a4831656d362f5437566550597961335a7778665a485146756d6335494372454368414f5336414b4c6b434654636b527941724b3367385a7531555a4b4d2f68756c4c3451526f2b755676764c71306a325a78362f77416b5554734675343131584f4b35305945776135745a54754f6f564552386c315366697a534576636935796955686b7149434f4346772f75564b4d626f313146544669354f365863356167384a696a483979566f3252585431636d30566d4d6c454831395134384d767373506b744b6366616a477256744e6f3432594d6172324b5a334a5267396944497638573477786b67476f794e6435624b6b753572546c73796d46497a66462f316966617266426c6663396878422f437964596b2b43385370354d2b6c702b434e51716c7751416742414341776556636656366272394f72524b534b2b4c554f674c5a4850596b436d35466877556977716767436742534c44584b425972613367385a7531512b785a497a32473579324941637372506558586f31644d345079486b69715a58755862593831794c44424659545577693275614d6531556e483273745366765262593750744e454f4f4a323155302f5a6d7575386b4d784e6432383337624e716d7632525852643546566838486663316a2f71485972302f46476462396a4b77683347726d616c5959512f6a516e49767357795179533531766235724c4f53756230355852564e69647669393963783831315a39696d5875505a73515077722f7742392b774c784b6e6b7a36614869766f31437a4e4151416742414341776d5663665636587238436d4a566e42454e41364174376d4e68344345574857516977746b466773704a45736f466848424156746277654d33616f5a4e6a4d347750416948584b33336c323650737a7a507943626b6a506d634c737565656f4d374d427a2f584b636672786256576376617a536c43306b793779677a35733850374c76655756485a472b70686b304e784671633653666d6a6a3271617275566f517875564f4d566152577a6a696b4f774b385a5756696c536c65545a57372b4b746b5a3949555668346b754f6b6144467963755a4a6667653065784f354b6a6956572f4475397631726531524a3745716e7565325a507a656b667a7a763242654c56383266527758746a394770575a6f43414541494151474679712f68365872384878556f68396a676a4767644157714d4c4567436b433251436f41756c77434161394156746277654d33616f5a4b4d3168366d7a346766384165566e764c73306e5a6e6d362b5670496f4452633637447a387a71774c54415663423470347a3756456c7379314f6f334a467a6a35474854525834496e442b35556f7259313145374e45474a746d53797434587843336b502f4b7455695670564c7578583479553446584b5433354478304566384b593273566d35584b757a517262466663495874436a4b4a4e704d7673583945546e6167352b6a6f437375534a4a3969696a71476d63486a6c4239717a6c4a574e6f776c6448764f54302f55336676753242654e55386d652f44736a564b6863454149415141674d4e6c552f4430765834506970514f474c3749364174444b7849416c794c4368414b6742414341613461454a73566c634e586a4e326f7962574d666a4e564f5a47414f57566e764c7230723250503173553547653338347272795a774f6d6a74774a55754e5854333850487453556e595270704d74386f457045384e76424f39355667326a57615575356e4b4843456b4d7a4a473934363548356d38495575545a574d596f312b4561654b756761396a724f46387839726c70345775434a58443265356b366e416c553032334d754841364d68774b687152644f412b6a78666d6334475875626545584765527a4a47456d794a56595237466a6875746244447545576878626d41442f414532636653744b6a737249797078796c6c497a464c4764315a343764713558466e5970492b69386e6634492f76753242656255386a316c32527167564249714145414941514748797066635576586f50696942777844745230426146535142434262494c425a42594c49424549734467684a57567642347a64714d6779654d55625445436557566e764c753061566a797679456d706247657a5742646d783539354d6d70616873636a4a4141544739727743645a436a596d4f567a6f77786863564c327563304e7a576c6f414a4f69393143535265575569754c324b626f68526b5070713530527647374e4a316761694f634b4c6f736c4c354f2f36544f747059306e6a424955356f6e70334f577078686b646f614177635975536f64516c555569734d774a7554636e575478716d5266466b6c4a494e305a343764716874574369376e30466b382f424f2f666673433871703573393248696a55674b68595641434145414944455a5566754b5872305078556f4846474f3148514659676b41556b433251425a5263425a5353424367434f314b51566c6477654d33616f494d4c6a5934356741355a576538757a545059382f574a5a476273347270334f4c326f4445354d57786b684e77636d4c4855694739334a6779656f673373354d574f70454e367554426a716f4e36464d434f74455865685571444856524e53307033526e6a74326f34425645665157547a38473739392b774c79616e6b7a3359654b4e5371466751416742414341784755386478706576512f465367636b5130446f436b45674345433251425a414c5a4149674563674b79754772786d3755426763625a4c4e6150393357482b35646d6e6c5a486e36754e325a317455422f67585771695277756c4a6b6772417036694b64466a6857742f797964574936456877725771656f6976526b5353595361346a51305741625a6a625848476564517070457970535933667256505552586f5346465931546d694f6978322b327163794f69783950556a505a343764714f524b70744d3934796548366d3739392b774c7861766d7a364f6e346f314b6f584241434145414944453554767571547230507851484e474e41364170412b79415779415641466c4943796744584241566c654e586a4e326f447a764732504f4d594f703164564e4a3569372f6c644e4c784f5374624a476e687752434937434c51417761477474636763335037437175544e3859327459787a4d47522f3162636941597734767a4f44514c3236464665626a536252356d766e3071636e4875626572776245526d376b30786c674e7331704762782b33794c79387070335450426d36734a5a52622f77424d64696e67714a395a49325453496935724c74447532756261504a6279723662534c3275625637492b6a3031703773304f4773454d665379754d4f356d4d43784e6a70303249506b3072746b345439726164312f683031494c46736b7962594a684e504a4d2b4d506b335573626e414f4c576744514c394b2b422f50313671724b6b6d374b4e374c35624f2f38565467366562537533386e566c43775444765064684747534d6b5941344e445846704e69446258725750344c55565671565462654d6b396e2f52663870537039467a7372713359723856614745514d63356d65583276594453547a3941583171314b6a4e78627361303948474f696855696c6471374f624844426b634d314d356f44544b3774674147334767692f6e585a4b555a4b353876566c6c4e325056386e66344a33377a3967586a31504a6e735138556170554c416742414341454269737051764653633164443855427a786a514f674b51507367464151433251425a41466b416a67674b75764876446167504f4d626e6768774768304e625568773452633342397136714c56724846715537334f4b504771634e74594567577a7275487342563354695656655669745a6843515437766e64304473374f74773948457253684755635763315350557570664a63757878714d7774416132344f6b5a32766f584974465458646e4a485151573133626771614c43636b4d6865773654664f447232634636564b75366239703351764633523356324d30387a433131674343306b584a7a654c53744871336130556b61546e4f53734f77446a54505235776a44584d6b494c6f35416258347862557646312f34366a72477054625458796a6253616d707030307533413744324e733957304d6547736a4467374d6a42375a3342636e70564e422b4c6f614f576357322f374c3672575664517358736777486a6855556a6331675939756b6753416d336d365676714e4c4373386d326e2f52656a7271314f6b7158644967776a682b6574716f337a4561484e61786a4151316f7575696d756e484648484e5a7979615066736e7a625550544b3437467954386d643865794e4f716c67514167424143416f4d6163424f716d4e334e2b59396a3253414f46327563446f326f436b474471384f7476647561426f63487375586447647155374544785156764a2f62482f4143516b642f5436337741383750354b414b4d48317667422f5a2f4a414c2f547133774c664f332b534142673674384330644a622f4a4148394d7250424e2f742f6b674f53727746577642416962702f396d2f795147527868795931316138504945457265304c784b3130637359314567473464353161354675536c4f524443664b59765465707a664a47456541374347452b5578656b39526d786a48674f776868506c4d587050544e6a43504164672f43584b6f66536b5535736e475041765950776c7971483070464754474b344647513743584b345230756b2b535a4d6a46634344496668486c6b5052656256356b7959786a7750626b51726236612b496174544a696f795a4f4b344c584132524a7a4a6d766d7767484268447332474a774a50535370795a474b50594d47556b645043324b4d397177634a7553654d71766373645a6342724e756c414e4d725277384a382b76344942475474636241334e722b5241536f4151416743794145414941514167424143414541494151416742414341454149434d78692f2b616b4243366e306e694e6866694341654b5676503530416231627a2b644145744f3178424e3941746f4e74434147307a527176724a31384e7266464145644b3170424131416761547151482f396b3d),
(16, 0x2f396a2f34414151536b5a4a5267414241514141415141424141442f3277434541416b474277344e45684151445134514542414a4541304e4451304e445138494351304e4678305746685552465255594843677347426f6d48424d57496a45684a536b724f6934784678387a4f444d744f4451744c69734243676f4b4467304f4768415146797364465230744b7973724c5330724c5330744c5330744c5330744c5330724b7930744c5330724b7930744c5463744b7930744c5330724b7973744c5330744e7930744b7930744b2f2f4141424549414d674179414d4245514143455145444551482f784141634141414242414d4241414141414141414141414141414141417751464267454342776a2f7841424b4541414241674d4343416b4a42416b444251414141414142414149444242455349515548496a46425557467842684d6a4d6e4b426b6247794a445643556e4e306b7148424644524530544e4456474b436f744c77385264546b79566a6f384c682f3851414767454141674d424151414141414141414141414141414141414d424167514642762f45414377524141494341514d444241494441414944414141414141414241674d52424345784252497945794a4255544e43497a5253426851564a49482f3267414d41774541416845444551412f414f346f4145414341424141674151414941454143414241416741514149414541434142414167415141494145414341424141674151414941775367444655414655414655414655414655414655414655414655414655414655414655414655414655414655414655414655414655414655414655415a7167417167444b41424141674151426841456268764330475167524a6959645348414653414c54336b33427252704a4e77437658573576745244324f53542b4e69656978433242446851414c374a48326d4b776676453357716141463171656e786b74775565346959754e7a436254546a4733485078454c386b5330644d51394f582b6a4463626d456a2b74482f42432f4a52485330734f79582b687a4278705955695a6f7a64786751767954346450706b6966536c2f6f772f476c68515a347a6276384173517636555070314d574870532f30616a477068542f65622f7741454c386c482f517044307066364e3359314d4a6e4e46594b3642416830486146502f6a3651394b582b6a633430384a777943364a446544665177477461657741714a394f726a7752326e5165416e44786d4643594d5667685444473859304e4e7142486861584d4a306a5330356c7a4e54704a566535634277585371796b746248507548574e4b567756454d76445a396f6d4755343057754b6c344a4971413577424a64516732514c71336b4b6543506332734970687834544a7a515a5944555963772f35315535675469622f41464d74783454497257444c456b5a4a454f5946447446622f6b6a756757394f5830494848704f66733075514e4e694c662f4d6a756756634a7634324d6636377a6e374e4c6644462f71552b306870662f544978367a7569566c2f67692f3149396a4a554c4838436f783454656d444c445a785578642f4d6f7a576958586176677a2f72644e61594d727534715a2f4e4864444849656e62465961797964344d34364a6559694e677a3049514f4e4961325968754c3563453572625843725274716161614339517350674f783533574472445458725657747947626f4145414341416f4135396a616948695a566e6f766a6c35323242643469756c3032436c4a763649354f425330596750695773754b35314b69315853543830367a5575754c614c4a3447736650654c394b5248554f5965304742616f5a44326b7067345a515851302b556932596d38307a4b4f39586d6d32475969466c5577777a4579304977777a45576e6863336372584c325a524f53795974497a6d54556d344739733178663841433855492b5a5750564a7a6f794b6b65686f6a37494a3951456e71465677455477655a634853725a6d596952342b553534455a78634c645973567a3375645453637753374a595a334f6a61654e32572f677345535367557178354471584177374c436272732b3955325054777a773472416b4942395272687379584937554f634b666c4136575a7061573732355079526d514e516c44747769755450424b323933467a454a734f4d3630512b72596a64673064796e766b656275364b2f55372f41494c46447753396a51474270617741436c4858414b7671785051567871696b7343543442627a3255326c7171344b592f747166776852737642714158757332774334516863796c3767436131726f5761634a52464e547833646962496e68446779587477335153586a6a594d4e7a3351784c76633135737561514364615a7037486e427775723658756f395677784d377869376d585273485354336d726842454d6b357a594a5a553954517438306554525a6c5173436b415141464148504d62484d6c506152764346314f6c6275525439346e6e597843414b6569584875534e586a59766e63315a4563346d3136497536797161614b59446869365564674a47514e434e363230386b5a484d364d70614c5673475271536c4535414642475265664e7a647974617661435a50597576764d723737422b697833663135465a486f6561356a2b672f754b38396a4c5266345a3578774153432f62436c4f35367961367a736d6a302f2f4866435a4e427839565a493667394541594861434e7a6b2b4f7049794c77574f4761317572615670586c4a73644e44547a32647255763152556d4b5135474554566d536462445a2b536c7a4653734852685855634c5132684c62462b6f786a4d594c626e626d4f63446e424f6a4c326d6d477034495044736e7862496267616a37524b442b6471725248336d48713932644d7a72754b2f7a5a4a39474e34337270322b5234794a613072354a4d715142414155416338787363795539704738495854366235534b507a696565494573364c637a6e4e4e5143624e65744d73306a735342386d7a7853745767506562374f53774459417155365a77444a6c6857754b4449396c44516a6574744b334b354830376e33686172567347526d53732b436367436a415a467030354c64795a63766152466c68786348796d56392b672f52594c7636386957656835726d5036442b34727a7564304d2b4765623842476864374b55376e726e3953575a6f39502f414d64384a6c6768757175596a3054466f5452715455784c5a49516f4e526144626866585a72334b32356c6c62754c516f524e61416b41564a41744e41316c53696b374d43374944534b3030307274557069334d5541417564707a4570795258754e5973496a2b38364673536e6a42584f46544b516d6b5865557964516466474e76543665544e314b57644d7a70654b2f774132536e526a654e363646766b6556687757784b2b53786c534149414367446d574e6d4b376a4a4e6c636b736d596c4b656b43775637435631656d4c646970386e464f4330527259384d7668386131727175684532654d4770626f51376b795a50597877686d57526f3852384f43494c586b5759514e716c414258727a3961576f64675a47444665745a5a41386c685537727a553261426136396d5662483079366f4737534d3631546c7356794d796b73746b78565167794c7a764e5a74435a62346b4a6c69786266654a5833364439467a372f3638697836496d75592f6f503769764f66734f6669656238424d63357a364439564b5650553959756f50336f39502f7741666e694d6978515a633665774c6d3766523335574966774a4e357a447452755a5a334a45374b344b65357263692f6979336a62566d7a5774314d3131534f744e55396a6b3236684b58494d775a45595354366a68647a6561614b71653561656f6a4b504a6777334141574d6c724c5847564c61754972666f7a354e4d3979732b43495445794c5170532f55644b69757a4448706f3167754979585a73774a357a54714b317471534c537733735133444f44534131326c737a4a442f794e56714669527a2b6f5461705a654d55305576776241722b71664d4d46426f4433666d756c6435486e49467a53766b755a514149414367446d474e6763744a657a6d752b477576307639684d2b54696e4278316d4b776e305857694e6136576a3379567365776e6862394937625475564c2b51697875774b7346677378334c43396159386c4a4d6b6f734f72612b71466f6b7468575269344b6a475a4e4346434449356e526b4d33465874385349736e38576f386f6c66666f48637566662f586b58505245317a4839422f6356357a396b615031505050425a774269562f77427554376e724c72595a6d6a30585156375a466a687a4d4d61623954526265656f4a45644f33796a7575444a4b566d7a6f685033754962386b5053497957564d6d4a544346426c4d66314f446d3969564f72744f665a5133386a2b484e68315266556755427964367a3265307a7967342f4a68304a726851747633354e56534e7555455a344e424b74316452556432347a3154574a67305047546361556f637854367241562b476970384e3445526b75413463325a6b67646e4b4e585170335a545732526c537933346f664e734c327331347975686435486e34463253506b755a55674341416f41356e6a5759654f6b6e554e6b4d6d6d3271585771734e4e39417574307837534532636e443842446c42765855306e49757837476b2b617663547256622b535943554d4b6b43574f6f51576d484a52736c794b7768734b3250675332527a776b53474a69644573746b64546f354e6d3470316e6756692f63796478626a796957392b67647935326f2f72794766736a30504e63782f516633466563586b6166673839384535515254457445305a446c4b675a7a6339577361376a3048524c653245693579736d78747a5730367336544b614f725a646b6577344131664a496c4d7a656f4f59554d444d73316b7855705a48554d6a534f78594c47496b736a6b47763050357048634a5a7351546d7a743061315a4d68534649547169757250367756382b34724e624664786c454f6b77645032724239434e504b74585230646d5a344d326f58734a6a4645434d4777613659733052555a78624b3746764a7a3463463253695151534341416f4135316a546a4e7453635030695938544e645a4161337471517570307a69516d336b34566749636f4e3636756b3545575059546e786c75336c462f4a614a6f774b734330687a434366486b5532544d4156686e59567358416c736a596f534a44557849684c4a79504a77636b7a725472504170462b356b336933484c793376384475584f3148396551356553505173317a4839422f635635316552735842772f4631434475504a3947484a44355245725550456a70644d6549794c7343427a523130574f557a715a79594d51374e31566e6c4d6e744e7845316a724355336b6a744e54477074483877536d67375253464d326479524f47436b71795267524775764858524b557347536363436a32574d6f58317a6a31676d7865536e646c4651786852504a6859646b784a6d524a61656343497256733047396f72554c2b4d74574b754948594e6c6166712b505936374d34506455664e656774354f5a48677543575343435151414641484e4d61544478386961476e467a5172544a725668705858526458707a326b5a372b54694f4176306a6436366d6d35453276597868415a627435553363685739684e6756496c736a6d45466f6955624a6d5146574f47797131524d383252306358705568735749454a5a59657a5935466d3870732f4170462b356b7869342f54793376384475584d3148344a443476334939437a584d6630483978586e763252734f49597569504b4b2b70492b4749732b74654a6f366653316e4a6249307a54534175633548616a53786f5a6975596a71535a5348656d4c4d655643614b4f4b5173302f35513843326b4c73465575517675454a6959664263484e303578364a57535a654e555a6b764959555a47464d7831485156486473632b37542b6d396973347734492b7a68772f61704c4e37527136485435667a497957796c3657355a4d55492f36644332785a6f6976544b394c66356e4e6a77585a4a4a4d6f4a4241415541554447682b443972483849585336622b786e76354f445943484b4e33727236586b7a3276597a6845636f37655661376b4b33734a4d4372456e493568684f6956624a6e425975634e5957714a6d6d78684d74765370444973616b4a5130667a49354275776c4f6c34436f76334d6c385850366557392f676479356d6f2f42493052386b65684a766d5036442b34727a79386b626a674841364b57694e513836484a313748724631422b383776526138706b364b755035726d6478364278534a475567444f51315a724a4761796543596c6f44615a68314c4f37476a6e5757735845737a55712b737a4e367a4d385547364d367647317373374d6d496b426a726e4e44686f7146453253724a495a544d6b7874384d427062654b5a4b72486362585a33503346543458547233516d73633532564d7964576b354e305271367654342f7a49567259783948593650697638325366526a654e36394264356e41695778554a4d6f4a4241415541554447682b433972483849585336622b786d3158696a672b4178796a6436362b6c354d3933696a664351355232387139334a465432456f5956596c6d397879774a7146736c38455a366177566f674974476b36326a6a76565a46344d5a454a49316b6848486b34324f4b632f4153764d6c635850366557392f676479356d702f424931562b5236446d75592f6f503769764f72794e78353834497670787532484a397a316a36672f656a3048524f47574b47306b3665706375534f3832536b7044706e4a33465a5a706d4b32524c7967622f5957655a7a72574f624b546b7a4931634b486672546135463077714e437450636b5a7a37477542766f5265706a4162564c33496f2f43754c6b4d46425837524a33673276316a5631656e7778636964644c2b466e543856336d7954364d627876586674386a7a306543324a5879535a55674341416f416f4f4d3738463757503451756c3033396a4c71764648423843446c47373131394c795a72764643324578796a7435544c75534b6e7349773271735357397879774a714b736c4d4538346255364a6e744e4d4a736f343731456961325262676b6d676b6f67386e2f69546e344346356b6c6936484c793376384141376c7a4e542b43527272386a30484e63782f516633466565586b627a6758417072535974663841626b36414175646d657566314e346d6a7439486e68534c6c436744314848736175583670315a576a75445275646a6874756331566b307a504b655352687732754652326a4a636b4f4f54444b5152513575664d4e4b553678596d596749564648425a496a34737a544e6f7a725a56586b66474f53506d7030307550617463644e75683963456d697263497068726d4d464c7a4d796c34366256304b616532784d58723865697a72474b377a5a4a39474e3433726f322b5235325042624572354a4d71514241415541554c47642b433972483849585336647a49793676774f455945484b4e365831585730356d753852786851636f37656d32386c617542474546434a6649345945776f795177626334623032496d30567779796a6a74524d696c6b4d384a444e424b4565544859354f66417239782f6938484c793376384475584f315034704771727950514d317a4839422f6356353165523057397a67764169505934366d6d484933303250584d36732f656a71394d57557931444354782f39433543334f7036614845444444505462324a69716b784d36636b744a5463463937485a383439496453704f71636544484f746f6b486b557676423068556a6e3545647a52427a777345307a48514e47354e6a57704771443769486d59742f38416436325631594e6356676a5a6c32706447694734784c63674d4d456b51383333695576412f6661756d365034386d505866694f7959722f4e6b703059336a656b322b5277596c7353766b6b797041454142514251635a2f344c3273627768644c70334d6a4a712f4134586755636f4f6c395631744f5a727645645956484b4f3370316853726752686851697a35463242584b4d6579584f47384a7352647641387732793848574b6f6d4c705a417643517a556957594b797a746a676e5067522b343878652f703562332b42334c6e616e38556a585635486f4361356a2b672f754b38386c75644c6b345877416c4446342b6c4d69484a43383749693476575a596d6a626f624f784d7544384576706d616574637570345a765637474d7a67386a4f326e6858567174696b4f566a59784966434e623774495736714d4a636c35595a4c536d4658307a31476f7162656e4b65364575704d526e35386d2f7657654f696353716a326b4e4d54646570624b3949324e55736a534a45726d2b533056304f4d68795a46595435724b2f7445706f2f6661756c6173556d5057762b49374e697638414e6b703059336a657562623548436957784b2b53544b6b41514146414642786e666776617876434630756d2b556a48726641345a6759636f4f6c3956317166497a5765493877734f556476547265536c516844436863466d4f476858534b4e6a71577a6a656d4958496b384d74713170316853784e584a5734677653576266676d4941724c5032454a6e775a35655348574c346555533376384475584f315834704779486d6a7638337a4839422f635635343658427733462f4e63554a6a57356b6c54345969783637534f2b324f446f64507137307979786349755070646873714b2b6c733671705132665075306b3971302f2b4c5a62735345587a6a5858485464564e7230636f43356f61526e324c32476c6442357133776779725777674d4a4e636244386c783045354c7479637145305a76572b78724f454e76476e4e5251716e466b4f785067615134312b5466585574666f6479513646716145384a6a495953622f7445706454393971587136757a547354724c5632594f795972764e6b6e3059336a65754e5a3548486957784b2b53544b6b41514146414642786e2f41494c3273627768644c70766e49786133774f485949484b4470665664616e794d316e6950734b6a6c48623036336b58554951776f5842646b6c4a53624972585669745935704141667a58436c3556584d6849634d6b327470797a44645567665171305a6b54513877694b776d48596e737956386c5a6969394b5a746a7754456f3379614a73494b5a3847617a79517677412b38533376384475584f315834704732767a52332b61356a2b672f754b383874354936664c5050484271505945576c4d71484a357a5a305058553074616e4a352b4471644e6e32706b694d496b473841376c75394a4936616d4f575472483739696e474347784b4f3843385a744a4831566c474d685535434d574d526e7a484d65633157644b52527a496a4363777837614f4e434d7a686c4b735964706731545575434f6834586951386c2b55426d4a796c614b544d554a4f5049356c384b4d4e39434e67496331626136634a413758475269646e375a684e4870523558507365315a4f7056662b75784c746335594f363472764e6b6e3059336a65764d322b52654842624572354a4d71514241415541554847642b4339724738495854365a35794d4f743844694743687967365831585770386a4e5a346b686863636f37656e57386936684347465663466d4f47476e646d566d566246574f4f6e75566b56624a6d59465941324b374d71354b7648463654493378344a6e4234724c7865704d6a775a72504a4376414c37784c652f774f355964562b4b5274703830642b6d75592f6f503769764f4c6b366135504e6d43596248577734565046536c447175657539307a6952723072325976466b58692b47343771326c315455334b50416c446d484e4e4835786e4979584a5571736b4c555938687979623148714f6c51712b30724c556f7a397141426f4c73376d6174793051676d4a657049696444586e4a7a61697275704d7954733768673657422f79712f39614974574e41494c5236613151726a424969556d77686c76475162366e6a35656c4f614d734c6e64556d6e51776a6b394659722f41445a4a39474e3433727964766b586a7757784b2b53786c5341494143674367347a7677587459336843366654504f5268317667635377574f5548532b713631506d5a7250456b734c446c436e576971687643437175437a463268584b7333617052526b34775667485956646d62354b784d692f72535a473648424d594b484952647754493847657a7952767746486c4d74372f41414f355964562b4b527470383064396d75592f6f503769764f726b366e79656138446d6a6e5830354b56303264443133756d63534e4f6d657850516e3633646f744e585362776457756363626a48436b6f3177727a546f494f53553275527a3958563362784951687775314a33705a4f533573304d5a384f2b6c70756b486e424a6b6e416c626d726f734e3937585753644235716a314d6b714f42724744393431696a32714733396a564a434e673765784875614a324e34417045672b33675866784259656f5a39426b5a52364f78582b624a506f7876473965637438695938467353766b6b797041454142514251635a342b346e5278373231326c6f70334c6f644f6c377a4872492b30347267345569626e555061753146346d596d38774a4c4334355170746946556a65454643577864344667464f536873417079425053417242654e5171725a4d6b2b37754b7a4f74796a7653704e6d324864326b766759636a47364b764463525938544e75417a664b705565745051694f6f564b78617434716b62745076493735484670726750536134447242586e654f44712f4235646b7074734f4941362b734741584e31326251507a586f4f6d546a6d6664383447307977534a776e556b744753546b69755a64727368396c33657a595474646f4f634b564748324a6c71474d59344176626d7a304f684e6a4b50325a486c69526d576e5a7630714a4f4832523273595449626e707037566d7472672f6b64485952347575617152476d50325863686142426f357066567a5151584e725a7444556d786f654e35624564347447346f526f4a594c4675504c555a7442466f7244314b4d61364d4a376b5a5052474b2f7a5a4a31394a6b567733463779506b764e3250636c46735379774b5142414155415637686a675134516c6e516f6267794e4463324e4c76634b736247626d74624343516436645262366378646c66664534644f34486d70614d54486c6f6b456c31707a4330766856306c6a686357317a4c765558786d38354f645a533478444344626272546130494764723275376c706e4e66596d7570694c494c686f5077762f4143554f612b7966545971324534356d754f774d65373649395350325236544d6d43385a325047307733742b696e31592f5a50704d6b7348546a474e633134654c596f44786233665254367366737a325554795255374c32695330312f68694e2f77445656646b66733052716d6b504d48506444687659324739373467737459786a33583679614b50576a46636c485135544c6c693134497a4c49725a75636847457957447a4c775833526f6b5a346f597a6836494175414e2b6c63585761727569306a70556166745a314a63374f445975447a746a4e78655473724d506a79634638615669756952474f67744d5238754845754d4e37526541484631485a71455a694535546c2b724b70345a516a497a6739635530467a6d6c4f39612f3749376b48324f64395a2f7741626c4872332f59624239696e665766384147354872332f59624752677565506f7844584d52614b502b78663841595a526f63487a6e3731326930556576652f6b4d6f794a476331762b4d6f39572f774377796a50324b63395a2f7741626b4f2b394c4863477850634565412b453849526d5749543273726c545556726841684431716e6e455a77305671615a7336584f55732b3935444b50554743354a6b72436777495170446c59634f4644427a32476967727475534a504a5a447841475541434142414774684147437a2f42526b4448464e3144345170376e396b5951635533555068434f352f5959526e6978714859455a59595163574e5136776a4c44426a69687148776848632f734d494f4b6271485945647a2b7963475244417a4473466c475752677a5a5545685a5141575541616d47446e41336b416f7941635533555068434d6748464e314434516a4947517a2b36494178785464512b45497941635533555068436e4942785464512b454b4d6762575541416167445a414167415141494145414341424141674151414941454143414241416741514149414541434142414167415141494145414341424141674151414941454143414241416741514149414541434142414167415141494145414341424141674151414941454143414241416741514149412f2f396b3d);
INSERT INTO `imagenes` (`id`, `imagen`) VALUES
(17, 0x2f396a2f34414151536b5a4a5267414241514141415141424141442f3277434541416b474277384e4567345044513451454130514541304f44516f4e445138504541304e465245584668555245784d594853676847426f6c47784d584c5445744a536b724c6a6f754679737a4f444d344e7967744c69734243676f4b4467304f4768415147693064485230744c5330744c5330744c5330744c5330744c5330744c5330744c5330744c5330744c5330744c5330724c5330724c5330744b7930744c5330724d5330744c5330744c662f4141424549414d674179414d4245514143455145444551482f7841416341414541416749444151414141414141414141414141414141775543424159484341482f7841424a45414142417749444177554c4351554842514141414141424141495241775153495445465158454745314668636949794d304a55675a47536f624c524642596a556e4f547365487742795254644c5256596f4b5577634c785130526b6734542f784141624151454141674d42415141414141414141414141414141414241554241674d47422f2f4541436f5241514143416745454151514441514144415141414141414241674d52424155534954464245794979595252435551597a513345562f396f4144414d424141495241784541507744764641514542415145487850597771504451584f4944514a4c695941485755324b57343559624e706e432b2f7473513141717464486f6c5933416a2b652b79764c3648726e344a34443538624c38766f6575666767446c767376792b6836782b4344373839746c2b585550575077575238504c665a666c3944317a384667506e787376792b6836352b4379785068382b652b792f4c3648726e344c4a4d316c4e613872646d3154685a66327863636730316d4e4a3454457244506a34585458416745454548516a4d454a706a797a526b5145424151454241514542415145424238534235322f61687973723374626d3256484e745a6361464147476d6d48466f7175486a4f6351534a794168534f4e692b704c6c652b6e422f6c465759353538627a69552b4f4852776e4c4b4b7464565270577161783379317478715132726c524737722f414d5a2f44457566386147385851564c36736461722b6d433656487959744f73532b47364f476563647a6b3937756a39516f2b6d574c6236734e4b72774e77446f58534b43303254527231344a72564d4a4d426f65515431395158504c39734a50487866567471584e72626b6e544c51583137676b3678634566364b444f66557651342b6c5970723562724f52467655616633713459634c6943612b4f5945675152476569526e32345a4f6d306a3144633541625975746b5862624b347247725a31584d446352795948757774714d48696b50674f476e644171546a76745463724262464c764e6445595145424151454241514542415145424242646d4756434e7a4847664d552b574a39504b2b3247596e557571336f4766575672774b376955546b32314d4b696f32446e70704b6d323235563069716863372b6d3955416e39426371544d74397674576c76316a565a766a695761326137325a2f68436958782b58574a6643333851466e745a323574795970687a6d4e627561424247383677717a6e543936383656546375634230484c68356c572f4c315556384e696a572f4e5a30307452553764707857743362384f523335584e4168532b4f383731694e647276705356454943416749434167494341674943416767766642314f772f335373664c4877387462546d616638414c3050397975656e666a4b44792f634e6172733671524f4152683577444779534f364f57655a68727374636c4b79586338645a51554e6e316e7a6870453458747075635962687145456747656f4539533564384f6d706131536d576e44416b487667513465614e5674585877787443366d632b4d4c4d315a69554c327749367742356c7874486832724c436d3345356f36354b343038746e59664a47317978444b41424236644d6c52637132386a3176536365713763722b54714e4d655631332b556c4f6a6e2b61323031746456386f6d78567475426a2f41444642534d447a76574a2f46337370436a4542415145424151454241514542415151583367366e5966377053505a50703563766f6c672f386567666556313033314b75356e3551794c797870592b6b63584d38323134646863326e696335786944726a6a646c784b6c7a534c4f4d5a4a68485175366c4e6f70757074444845476c55453033784a4d42347a4236435a30413055504a545570654f653647686676645571504c6d6c6a7751484d644f4a70414137716647797a4f3879563270322f7742484f3054576453317a5450737a6e6356306d595939516a72576c562b457470764c53435151306b474e56453546764f6e624658787438325a61467a73586d4846524d6d574d645576426a6e4a6254732f6b35596d6a546269316341347a75455a42556437626c374c68342b796938644a30485558465972447645366c4b79686f504f5430644b336132756f65565a77766f4f364775494843346f4664734b693674503475383654735161656b41783053463355724e415145424151454241514542415145454639344f7032482b36556a3266447931744539307a2b586f66376c62394e395367637a33444d37534c7359653059586b346d7468706a4448526d64386d565952476b6562524c476e74457330617778546254424c5249677a4d784a367756706646334d31764e557032733271514b72497a4a4478554a4c6958687778534d344c514f7a6b717a506a7959664e466e687955792b4d6e74492b7257644259316a716263524e4d4f506475776e4469426a4947434e644e366a563668727850744c2f4150793765362b59563169783874612b6b344f424a4c75636a46554f6a3477784c647730477353744c386a756a62536e44745732744f57624132417764302f765942613037766971374c6e6d2f6836446963474d6362636f5a543041797a79424d354c6a43313332777371464849452b624c4d39613651695776355a6867676b2f6f4c4c47334565575237716c396c556a372b697532465664552f71377a7475385a32572f674633557956415145424151454241514542415145454639344f7032482b36555068356775784c6d667939742b446c63394d6a386c5a7a70314d49545a7a702b6972536149455a6b426f522b43313170306a4a744561635a36475a4547434679765875384f74636d703343333246654e4c7979735a42454d65637342364f7a726c7531586e2b6f3843592b367231485365702f31794f54733261476d5942797949304b6f4f365939765652536d53652b472f626e444148784332372b394974534e626862624e7034694a30364f6c644b6f66496e74685958426a6a6f41757530536e6c675941456e64457871745a6c764469504c5579366a396e567a2f38416652556a41716570782b4c76473237786e5a622b415568554a5542415145424151454241514542415151587667366e59663770534434655a71676b6a4c2f6f5733344f5635307a315a5439526e376f59364344303639537464713946567079593838725759623174345176704866376436306d666830724f2f5456714e77356a4c65744c55695079534b5833366374354c6261783461627a3153653948564f3770586c2b703844742b3672316e536570542f34374f584e7451342f4255636634394c395361726e5a3973474d42366e54356975384b2f4e6c37726159312b3665514e5141415a394a344c655a625638566172366a51634f6f6e5572546276577668786e6c63776c31415271796f477a6c4d31364878557241707571542b4c7647693343316f4f6f6141664d464b553652415145424151454241514542415145454637344f7032482b3655486d7968544c6e5a66774c6238484b38365a5069796a3670625531546d32486e3371305650315a5975745930336f7a475671506f6e646f4f6c61793778647156365a4f34655a61536b5573303256445265484e796779514e3458444e6a69394a716d34636d70697a737a6b31744956574d4d484d5a416d636c346e6d595a785a4e664433584335455a384d52387559577451596545377543306a54463654744457754767514f2b6353535231376c7261326d394d5635566f47596e535a4a534e36326d62306f2b566a7071576e4136372f336d686d706e466d746c46314b4c52726275395331534943416749434167494341674943416767766642314f772f7742306f504f327a47356e374731456a7375567a307966466e6e4f73543571334f5a6c57716e37324c715a47587354625063313330752b394a7a304b773678645831327838516956537975757159494d613769744a6a583270644c616c7337443279625a7a57754d4d6d635a476e354b6d366c77752b7637586e5465584f4b2f77436e5037626c5053714e47476f4e49676d4e7938726644656a32474c4a68796570544461394d35346d365a6d56796a632f43564f4f7352346c566254355857314359647a6a347970302b364539653554654e776375573336514f5431444678362b6662696c4c61396537725661745a304555326d6d7764375448503074505a6d726a4a787159712b50627a642b58666b576e2f487032675357744a314c576b6e726863476952415145424151454241514542415145454637344f7032482b36556a3250506d78526d374b666f725433584b3336625069586d65747a3571336a544f37327131327049737864626b356b3773303232693757713034303969626461325631776d30764772617366384143784b5a56703157744b357a473069737a44574e4d44544677424955584a7871575371636a4a58314c37684a794a4d645a4a576c4f4c6a6a3144652f4b7a7a486d5a626d7a396d5662673461464d754f393369743679647978794f56673439664d2b58666a38544e6e6d4e656e494b7577786163323346697256474556485433492b6e6f6741645765716f2f3530386d3078384c506b3843764769732f4c3064526268613048554141783142626f6152415145424151454241514542415145454637344f7032482b36552b5348516e4a786f2b6b6d6642576b41622b3565725870302b4a6555362f506d717966544561634a31566e7452525a6734514d742b76556d32304e47745436663841684e70464a5656314856784a5461646a566c575068475378334a6c5a616a794f6a6a4b316d385237534b566d66545a73646b334630514b4e4a7845786a6947446934354b446e352f487778356e537777394f7a5a4a385135687366396e756a726f6c32514a704d6c72504f37552b614651386a7256372b4d63612f6139343353384f507a6b6e63755330746d6d6933425459796e54475145686f7956426d6e4c65596e4a4b39783278306a574f464a796f593172375141687a75364c6e442b59743443744f6e2f4d51714f71626d617a4c764657536f45424151454241514542415145424151613937344f7032482b36552b5350626f626b323265647a7935757a6e31587131344871586b2b762f6c56625071426f6e786a70314471566a356a306f49724d74537258675a62387a314c62785074337054667630724c69706e424d6b364d475a584b2b656c492b355959634e727a716b465059397a5737326b577469656371647a2b6673565a6d367a783654714a3276654e30586b3550506270753065526a7a6e58715952453457774436543846565a2b76572f384158432b3433514b523576626133744f54316e51694b6248756e4e7a787a683975586f564c794f705a386e355376634854734f4f507471737a637559495a44636847484968515a7a7a4b6247436943706531667245356e4b5a2f466166566c3272686f317a574f2f706e526139307a4c724649556d334b6864567477597962416a662b38304664394d3957555057593132752f466271455145424151454241514542415145424272333367366e5966377054355a6a3236443550543949422f44733550514d4c6c613844385a655536392b64566d374b44474b6f54464e67452b7a72552b32547355754b6c3732694b6f717473326e345a324b704a4274615a6a446c2f31486275415553393579656c78584869343052612f6d66385a6d2b657752516f3071505335724d627a784a5561656e31762b6475354e7031324b662b4f6e616971625576637a7a72645a67307848347268626f754b337049782f39506e684663636f62756e33394b6d376558414f6b447a6c52736e2f41443962657261576e482f366d6656713762477975554972354f454764416444773646566372704e734c3050443672546b66432b444a336459494b7072553074346d724a744575343667685a725343627842386c42793830455a46627869592b747078376c4a62383356746f304c5a413650336d67726270396464796d3674667537586579744649494341674943416749434167494341673137337764547350393070386b6533516e4a736546366562737841364d44315a3848314c796e58352b2b713063777a4c53512b6371676352416a514b64614e7162486e3749597474387a694a6b2b4e4f70574b3161327a54615568704561356a70336862773539794b70526a515364524b336876573756755777313035774353656c6261314f3366484d7a614e4f4f576a7a5371676a664c66542b634b4e6e7864395a68365867386a3664346c7a765956377a744f43653745615a65695634586e595070326651754a6b373672576d3750675276336166465266634a4e6f6244386a374a4836366c303135633438754c387252394e616e7150395251566a7776557172715839586436734651494341674943416749434167494341673137337764547350393070386e793649354d474256366562732f527a626c5a3848314c79502f51666e5664594d704854455170377a737a3551767a3054627236686e514a30497933797377317377726a434a57384d3038716d2f4a776e644a69423161727037727459596645714844394e54483936632f71362f364a4565644c5848503262636b354b3176436a644c5950523351586a2b73306a756651756b326d6177354332706d65436f593851764c56626c616f636a31412b774664666c777258626a6e4b6f7a56747579597a6e4c355451685748433953702b71522b4c764654314f494341674943416749434167494341673137377764547350393070387378376444386d477a7a7632646e487150566e77665576492f7744517a3939563051527036464f323837457777456a556359546250746c6933415a377057594e4e6575365775506a417752304c70447453465064764f2f515342784b363157474350502f414e5656463076715644346f4c476b44786a2b557257397531626358483358726a2f3179586b36316f5a4f636c32385a34514a42345356347271562b37492b6b644f786474566b327072786a525655523979326d472f56666b30663357672b68646465556576687862613151757255576b3936494149476e7969697033436a784b6e36782f56332b70796a45424151454241514542415145424151613937344f7032482b36552b54356442386e4b75486e5073374d7a2f68637250672b706555362f586436723058414b6e6165622b6e4d42724161444f637374566e544d556c6c626953584869447534726143302f4373764b6742794f52794f656857384a6547753148663345434e344f664863563269504b797755383752577a41366d7762334f63365363395955486e583759656c365468692b536253354c5966523032644d4577546e424f2f304c7858496e757950666357756f425637376a6f7459703553642b566761307832576d5277454c4f764c67342f744d7a634d505550366d69706e466a784b6b367650347651696c71595145424151454241514542415145424272337667366e596637705435493976502b77476b3834522f447335482b4279744f424869586c2b75322b2b71794c6f334b78306f6f683835384e6e507169596c5a30322b6e7470586d31584451774e4d75684e61534d66456853584f3053642f6d6c62784b77783861496156786559786e726f4f437a452b5576486869734a746d58656a5434704a48535164564535744a765663644f7952537a6c4c4b777769507169437648354b7a6a7470377a6a36745863494458485471633874466d4b654e746f6e63366c74664b2b3570352b4c42505141666843784e576b71367655785671665a622f55556679557244476c4c31582b72305775366d45424151454241514542415145424151613937344f7032482b36552b5350626f445944343577644e4f7a4a3459484b3336664869586c7575312b2b713172316d78357370337179306f71556e616b764c6b445163466e537778597471653571456d4e545065673542523832614b77742b4e785a745068452b69353266653543417136334f3039446836544e6f6139533331333770416862597562747666704d316843474561612b315436355976434a2f47746a6c61575730334e376c2b6d676e4f44785658792b4646764b3734484f6e4850624c6364636278763971725a7072777662573734376f5969394c51524f75594a7a494b7a394e686c5a3173645a6e5468707a2f6d614b3269756c4e31582b7230777371635145424151454241514542415145424242652b447164682f756c42357a32613867766767665257684d6d504663726e706b654c504f39586a633153584666644d396567487856707057556f30336a583678456d546d42385645354849374958504234647330734c653147727339343471697a386e756532345854496f744b4e7054634a4e56676447594966334a38325372356a63726d754c745131625a6d36737a55676e432b4d707a30304b36566a5461592f54547572536b41346971787867454d4453484537786d5031436c307a576848766969666857564c63627048574d2f50436c303546766c4579394f70376a777744716a4d706b64424f68576252532f74726a726b786549387368636e6530363678495850364d5337786e6d50634e375974514f725a66567079596a2f756153355a636356566655636c62647668366958425743416749434167494341674943416749494c33776454735039306f504e74712b4337374730376f6a5475584b37365a36736f7571787561736e453938526c4f55377a306c544d6e496945506a342b363856666251596e53376563704f536f2b5a6d376e3050706642726a704570336b4e303454704d367174696d336f736550554d574f31394561357871747533544c414366316f74744e4a722b304437596b463369373344504e64613269476e622b326d38617878344c76327a4c5873312b3242706e6f2f4e6449694939744a724d2f703935676e4f5053493836312b707157666f57625779616547714f747450502f414f696b7557613032556e56496973313344302b754b6e454241514542415145424151454241515158516c6c514455736341504d55486c373555477661776d485074375637523959674f4243742b6e5872586531627a7350644731745832674830325734616354445564694475354a6342714f6e4c586f79584c4e6a69766e626a30336a58746b6a755155415778786b61717576356c394b3431613078784730745578364d6f576b516d6433375930786e763131415359615450375a30392f444b42723149622f62636f306761654677314a49485364336d574e73366a2f56646530634a4c52304138447755724850687065592f31435268314775387a454662647a6e48763274687467664a785135707041474556423332623855783037704f35632b7a5575737858366b32376c5473323444376a41324a613269434234706463306f6278532b6e6e4f703549795a645250703665584a55434167494341674943416749434167495069447a582b31626b685873717865326d37354e6965626135414a5a7a546e46334d765069756153514a31454c4d544e6654477475766563727450665651656b4f6374375a4c575a7045783571794678636658712b6c79357538636a4c4879664b626e36395830755349592f6b5a663966506c4e7a396572367a6b6d442b526c2f77426652645850313676724f54522f49792f36792b5858663857763044753335653159375766354f582f5877334e7963386461656d5879746f384d66794d6b2f4c34626d354f5264566a57433536524a39664a2f6f4b6c6335596e38484f492f464c576e62503869385237646e2f736435495672697179752b6d3457724b6c4f725675484e496258637779796a546e76686967754f6d554c4674796a7a47356d5a6c3647526b51454241514542415145424151454241515231474e6543317a51357045466a6743434f73464254562b53477a486e45367774735233696931767345494d506d567376794368393267664d725a666b46443774412b5a57792f494b483361423879746c2b515550753044356c624c38676f66646f487a4b32582f414766622f646f487a4a32582f5a39763932677a747553477a615a784d734c594f476a6a5159364f457967756d4e4451414141426b41424141515a6f4341674943416749502f2f5a),
(18, 0x2f396a2f34414151536b5a4a5267414241514141415141424141442f3277434541416b474277305345673053455130514451304e45426350445130504451384e4451304e4652455746685552466855594b44516747426f7847785554495445684a536f724c6934754678387a4f444d744e7967744c69734243676f4b4467304f4778415147433066485230724c5330744c7930744c5330744c5330744c5330744c5330744c5330724c5330744b7930744c5330744b7930744c5330744b7930744c5330744c5330744c5373744c662f4141424549414d674179414d4245514143455145444551482f784141634141414242414d424141414141414141414141414141414141674d464267454542776a2f7841424e4541414241674d444251674e4367554442514141414141424141494442424546426945534d545230735349795156466863584a7a42784d58497a4e54675a47687372504277685157516c4a556b714b6a30644956596f4f30345351313853564452494c772f3851414767454241414944415141414141414141414141414141414141494741514d4542662f4541433052415141434151494741514d4442414d41414141414141414241674d45455155684d54497a51524955496c456a516c495446624842426a52682f396f4144414d424141495241784541507744754b41514a4a41726a5144456b6f4f5558333749556468794a643254567557304e77694f676b3062456334347444714f494178706a56427a794a66793179542f716e2b56377a354b6b31514a2b6656722f41477033336967506e31612f327033336967506e31612f327033336967506e31612f327033336967506e31612f7742716439346f46774c3632773977614a74777269353154674f45707674796c69667a42452f666d317a4537584269786e47466734356351767975476f426f4f5547744673706974666f78624a57765753786665384f473471654d6c3336726639466e2f44524f72772f794c5a6657385244694756444d584772734f4436334b7366525a2f77784f73775274397762665738524469475679476c37715a5a4c574e784a706c63436a665235613835716c4773772f77416b654f7962624a424f5730746267543379672f4575655852747949377156722b4d622b5a2b355a365378484a735165794c62723467684e786975646b694747784d6f7534715a53525865646f59766b7253733374504a4e2f7875396e3262385a2f63743036664a2b486e2f336652522b2f2f492f6a5637507333347a2b3549302b54384839343058382f77444c536e6230586e5932726d5068667a51337679384f444231564c364c4e484f5737487848545a62625576756e3767396c61634551516251475843796778385967694c417161427a686e4c61357961726e745759355444722b5554303575364e494e4344554845455a6946686b7041494241494979386351746c5a6f6a4139706342355254336f504f3972764c70713176354a6a744c655347775a4c476a794949683777415141776a414775664556723655476e4541424e4d3141522f37414f77383644434151434151533133476a4b6a5070557759626f6f427a484959357742484f476c592f45535448585a75574c456441683061476c305a683761397771386c773352425044697256673039615934567a555a725779537a557270354f625a73796a747848364150346d714c586b6a613048624550664330356e776e74504d595a55636c64362f47554e547970764870543431325934473569733757386b67456b4841307841586a57345a66666c4b77342b493032357733624e37483833474755794c4161416162703051476f7078446c57692f44386c5a614d764738474c6c626459377433496a537378446a783437486c6c653174686c7a7175494f4a4a416f4d5374326d306b30743872504a3468787648714d45343858746649547a7872304a564f356352783430684371467443306f3874337943384d66567a4d6f74443843576b34484467556f78526b6a34326539777a4c616c743456476548624938434d384230534e454d474e6741496a4967634b4f413561454c6b346c677246506c454c4e77335061636b316e32373563754b35386a496c784c6e6941316a6e484f357a526b6b2b68654939704e6f424149424246586f30536136736f504f396f61546247754f326f4b6c466a4f4f58395770722f414d6f4e73486539427673326f4241494241494a65376d616331654a374a7965345055746d44765739456246634b646b4b7466766b70536842735357614b4f4f4766526a376c47554c2b6a31686e7638506c446835326b4a666f687166484c586a62786e49397739552b395a7231624b39566e756d6477656b66564330356e69385436776c35775973353171687759756b6e344b317931574c65456847466476473363486b6566564b364d62324e42504e576a767058574762567a38533845724877337a75385847304353367634334b7572476e6b4167454167697230614a4e645755486e65304e4a746a5733494b6c45464d735a46585a514963446961436c414f4b754a51625947626b613055356d414859674541674541676c377435707a56346e736e4a3767395332594f3962305273567770325171312b2b536c4b45477a4935346e567539556c526c432f6f757876447775563150516c2b69476f38556b5449334936794a7359733136746c50394c486444654f36667772546d655078547243616e42764f6b7455504e7854796b374357755771783136516a43427645337663546b6344357751756a473958517a39384b70394b5631686d31632f4576424b30634f387a76467874416b75722b4e797271784a3541494241494971382b6954585646423532744853625931743642757a37456c34736e4f545435356b47596c33354d4f544947584746476d754a726a57676f506f714d7a4967516553697a4d6a4b7942416776627838364261435875356d6e4e58696579636e7544314c5a6737317652477858436e5a43725837354b556f51624d6c2f77427a71336571516f3261372b6a6c692b4867394c334a6673513148696b334d3778764c466962474c4e57796e2b6f574735753966794f477861637a794f4b2b6b2f4f6a65394a6339586c34665a794546687273644952474a5131764e373347356d6e3072646a656c6f702b2b716d2f536c4e595a74576e6958686c612b48656433693432675358562f455658566a54794151434151514e3969524a5446435161777855595947504442486d77516341745053625a317433765151426c366830536f4159514b634a72786379784d68437a4d67515a59777577476367304848685767514d436e6b514f4d41795161346c7a67573851416151665335424d33637a546d7278505a4f543342366c73776436336f6a597268547368567239386c715549657a38716349682f6c6f504c676f7931333677647355392f68644c33464c3971476f38556d356e654d363249665548755761746c50395173647a4268453651324661637a782b4b2b6c676e5276656b75657279735073714746464378313341736f5169726362754933563138784333592f54304e465033315564752b6c4e595a74576e695868584468336e64793748646634664b596b6e7667783468486941425631596c6c5143415143434276786f5578306f58397844516341745053625a3174337651524444336d4e303238324f6644794e516167514341425048516a4d55436f58617876324f667842735449486c775159694f424a4f534767356d4e7a416351726a3579676c727435707a56346e736e4a3767395332594f3962305273567770325171312b2b536c4a413477344f386949796373353149734938547773536a6b6a656b735442334c4f6b35336e4e50636b4a553770576d353849674f714b456b4f484e544172526e6c3466464c524f79656e52764f5633755769486d59756b6e495957454c464c434b4d7476655275724f304c5a523336487668524737365531686d3151346e34567934642f3249647a3748582b33796e39542b34694b75724373694151434151514e2b64436d4f6c432f754961446746703654624f74753936434868777959635a315141777442625845315046776f4e56414942414942424c33627a546d7278505a4f543342366c73776436336f6a597268547368567239386c4b5342624f4879496a4c4d41377076495173537a505152387a4f5148316e4a4446563075712b6f64784e61476a79442f4b3538304b2f784b4f6879337251444877686e444841784b63414f477a466136315230656d2b564a3339706c674641516167696f5047447771447a7278744f7857537349626f79323239376a63734d2b6768624d6276304d2f6643684e33307072445057554f4a2b466375486638415968334c73646637664b66315037694971367361794942414942424558706867796b31566f63424479674478744963447a67696f5165656252306d324e626367723051596f4d494241494241494a653765616331654a374a7965345055746d44765739456246634b646b4b7466766b7053516b347a68356b52596835787a684a4a36484a6f5974484469507846495972305857377252436c334f50415354354d666575544a7a737232756d636d663477677069495839756334314d512f774433364c64484a36564b78586149394c42646d6172446444636431424e42786d4763522b69353778744c7a4f495974702b636530306f504e3233684832794f39784f5747527355366458586f353276446e7833307072444e71687850774c7477337a77377463526f45684a304141794361446a4c33456e7a6d717271784a39414942414949432b2b685238534e31437a5959664b49645167344461656b327a7262766567727a38364443415143415143435875336d6e4e58696579636e7543656b746d44765739456246634b646b4b7466766b7453516b746e447a4969496563633432704a5051715a4f37355166655568697661755169686b7241613437714d6144306c63637a39377770704e3839706a3030444b38564b444d7474756a66584b6b34635358687a513755313361706872594d4a78796754454452553034617571467a5669305633733361796b5a6162592f5361424b7a79394b376573316e615776614c41574f4847306a304b575071323665647251353346417935665757625644695867586a686b2f71773764324f7a2f414e506c4d5366435a2b766955437271794c4b6745416745454c652b454879637943534b4e44366a6a5a456138447a746f67382b576a704e7361323542586e35304745416745416745457664764e4f617645396b354a367754306c73774e36336f6a5972686a374956532f644a616e434f35635036584d737978614e6f5a594d573834574a364d5430496e795137307150375538566436725662446736586c534d51304131484151426a365679566e6d3866542f41473572522b53485133376b397349414648415a6965566234357337316a6547784d5766485a41677a446f67446a4772426258766744446a453542554c6c6e4a463757707337613476366449797850565a6f7379596a7373674e6336684947417a414c464d635572385956375735357a5a4a765073334d44447a37464b76567a5965357a71654649737678664b5762536f635138433863486e664a44743177596554495359725772584f72306f723355394b7279304c4367454167454556656a524a727179673837326a704e7361323542586e353047454167454167454576647a4e4f617645396b354a367754306c74514e367a6f6a5972686a374956532f664a79693278434445516c7253366c514d5844684c65476d3151744b64492b647669665933644e3577737a3061704a744b4856785559364a5962386b6859316f41773353305130665476446a6d4a475a7465555a755671343752384a32632b70302b31763631656e744d7a457445445147696a694d4f63726238743435504d706c723874354b6b724c69484959346b3467784848366f7a6a6e4e46436254566e4c713638356a703657544a554e336a54505864694c6d534f72475075632b7464744930446b6d4744306c513468344633344c50366b4f313347304353367634334b764c576e6b4167454167697230614a4e645755486e6530644a746a5733494b382f4f6777674541674541676c37755a707a56346e736e4a48574766557479584735623052735679703251715758766b5248663455703645633235495278526a777752517768786163786f616c705775656349576a3458357469304a534f7a7455574b334a2b55677859593463697546526e486c344648466c72626549394a356154586e2b54646f4e336e4b4366784f55362f6d584e696e715a6a775253452b6734415165455a76636f3372386d79742b7456376b5a427553787a587644584e4467306d6f465257674a78584674385a567a555a76756d4a684977324149344a747579694a4d546735537370303671426266686f47744d554e66344631344a337737526362514a4c712f6a63712b7471655143415143434b76526f6b31315a5165643752306d324e626367727a38364443415143415143435875356d6e4e58696579636b64595a395333494739623052735679703251715758766b334d754c5331314b354a44694f5931533037516e6935386d2f4a77326868646c7463306b754a474763384b566a6b305a356d6237475778347238743852376f686337635a5a726b5132674e613063516f4644486a725865596273392f6c7458384e36667a4d34393050542f6c53722b4a63574c724c4d6548336c7463395136687a343141324a4d38324b7a2b707958697a58643567394162467857376c63314d667132687331527a3743714d7855565744326f5676654867386b307851312f6758586758664473317874416b75722b4e797236327035414942414949713947695458566c42353374485362593174794376507a6f4d494241494241494a65376d616331654a374a795431673953323442334c65694e697547507368564d6e664a7a417259313779513256614b6b59446848416963355a6b2b304a366170624d34643535543661653559713130396e706b6e744c634b44426f356156507655666146492f55584f797641774f6746787a315637562b577a5a716a6d465542564759555333394a5a79545550337256722f417576416574585a376a61424a645838626c583173547941514341515256364e456d75724b447a76614f6b327872626b4665666e5159514341514341515339334d303571385432546b6e7242366c73774e36336f6a5972686a374956584a33536443324e5a774645436d63484f6a456e357236486c486d636631574b6f3039737a4530584e61326c4144587a41425062464d63784f36387948676f505147786364757174616a7957503157476b565159716e704b495575384452322b4765457a554f7130362f774c66774366757137486362514a4c712f6a63712b7436655143415143434b76526f6b31315a5165643752306d324e626367727a38364443415143415143435875336d6e4e58696579636e7544314c5a6737317652477858436e5a43725837354c5778724f735241347a4f4f634c456f6e5a6a36504f66574b516a4245634463387754306c5765532b79683733433641324c6a6e717247627953637156687159716a4971732b7a5a5562772b4767617a4458507844774c5a7744795137446362514a4c712f6a63764158465049424149424246586f30536136736f504f396f3654624774755156352b644268414942414942424c33627a546d7278505a4f543342366c73776436336f6a597268547368567239386c7259316e516942786d6363345355546b666738767246596847474a6a4f4f594a364b6446356c76427775674e69354a3671356c386b6c315747746a4b57445971717a374653764234614272454e632f455041746641504a56324b3432675358562f473565417543655143415143434b76526f6b31315a5165643752306d324e626367727a38364443415143415143435875336d6e4e58696579636b39595055746d42765739456246634d665a43725837354c43324e636e5277493179635a6e484f456c6a30636a665238767246596847424d5a78354e696a3659703058575750653466514778633975717635752b53316872434157595a685637772b476c395968726c312f67576a2f6a2f6b6832473432675358562f473565417543655143415143434b76526f6b31315a5165643752306d324e626367672f6b73557464454443595444527a2b414555727461675a5143415143415153393238303571385432546b6e7242505357784333724f694e697547507368567239386e467361354f7352726b7363484f6b7348492f4235647057455945786e484d4e6978364b39467a6c54337548304273584e627138444e4833796557476c684267724d4d77724e347643792b7351397135646634466f2f342f7743534859626a61424a645838626c3443344a35414942414949713947695458566c423532744853625931743642456b66384151545738425a4664516c676645496579473177424e433055626e426430526e515141515a5143415143435875336d6e4e5869657963733763344a6e6547374a514850444130564959435354514141596b6b34414b3355747453465876473970504f6c4967633175546c462b384c4348682f48527777504b732f4b4e6d50684f35324a4b765941546b6c704e4d746a327841446e6f534d78534c784e6f69454c3435727a6b71424b766543526b746144544b65384d424f65674a7a6c5a766b694a326c474b544d626e587973516c7779636b736351387649594762334f546746482b70434e63636d7036453570614843684c5135704271434d7749497749775759747578466669743069653977756946706d46647a2b5357776f74495142526e32724e34664379334c4868375679612f774c507744797737426362514a4c712f6a63764358465049424149424246586f30536136736f504f316f3654624774765161637446507961596267474f64584b6f4363735a4a4179687576505549496b494d6f42414942424c33637a546d7278505a4f535a357378484b556e4965416a6447487456726a3971737a2b357557625849424f385939346554394745364557784d6e6c6f37446c7961724635326e59707a67754549586133434148784b524776694d69736143514357734457747a34756f636671305759332b55627357323537475a727763763058476e3952796c5466355475315461666a4779516d4377736432307562446332435157414749593468476d4277496f5856782b7174664f5a354e6c643469643272616d535779355953594c574747777677695a62586c7a773444414772384b6347547731557358644f37566459724d64574443364b786164705676553132797933416f755949416f7a37566d3858684a58723265755679612f774c507744797737426362514a4c712f6a63764358465049424149424245337030536136732b35423534744853625931747943442b5575445877786b35447a6c4f714b6d6f7a554b426c414942414942424c33632f77444d31614a374e795635326a63326d4b793372506a7561317041446d755941396a68566a32554278706a355161713231326d6b4b7a655a6938784a2f35652b72433172574e594347773269734d42322b4244716c3165484b4a556f705749357a7a526d30373751632b566b7479574d5a426158427a68437938586a4d5335784a77726741614a4750626e4d6f327462665971464e4672636b735a4659446c4e62454233447a6e49496f65444d54546b574a702f77436f526b354858546a3932584e624645544a4c6d5047344a4163415253686253744e79516b343459726b356b54556376617a414e61774672474d46474d4661346350446e4a71705670744b4d336d626331687356336559664a55656c61636e56346d736a39524a42593575494a7a4757744a77414a4a7a414370387755666c3859336c4b744c576d4972473673336c42455755424261666c44425134477453614c6c313174395079576667564a726d3578306466754c6f456c315a396479384a62303867454167454562654741364a4c54544769723351585a4148433843725235776738375732304d6d625250304a707a5a71433736384b4b796f7035636f4642584835304745416745416745456c59455a725876613435496a4d644363376944324674664f566e38666c6b7a597434766b39596355467234666569534b734c576b626b6a7955356c37476d31315068464d6a7974526f726650353054487a756c38724b4267734f5357354c594c77796a6a576c426e387465566445366a543762545a6f2b6e7a37372f41424f5172335141374c375a447777794444655755795874784235496a6c6d64546732322b584a716e54366a6674616638626b2f48447a5057324e666832376d6a3644502b432f34374a55384d4b30346e3861527844442f4143506f4d2f34594e7579655342323456425041395a2b7577623957506f4d2b2f616d374976565a7a5959612b5a445343634d682f75576d3273776239586e366e68577276626574556b4c34325639726239794a2b6968395a682f4c6a2f7375732f677a3838624a2b31742b35452f5250724d583550374c7250344e715137494e6c79376a45457749687943334a44496c63654c446b576a506e77354b376275375161445736664a3876677146344c354e74436568526d734d47566c4159727135337561326a58456335614150356c3532544a765834316c614e4c707078326e4a65507573373963325866446b5a4672786b784f304e6445627850634d707738376c6f6479615143415143415163377662324f68484a64414c57744a63345158376e74546e484b663274347a4e4c74316b6b5542797155725242532b343761486a4774354b7350705148636374447872504f50315148636374447872504f50315148636374447872504f50315148636374447872504f50315148636374447872504f503151444f773761494950626d5648512f56424857763247725563347559474f77465148734a504268553753676a7832477257385734482b6a2b39426e754e5772347433355037304233477257385737386e393641376a56712b4c642b542b394173396865317671313542326e39794248636174627862767966336f44754e5772347433355037304233477256385737386e393644442b7733612f696e452f77424839364335334537446a344c32525a36497837574f455273737a644237323474797a6d7079596f4f7a49424149502f2f5a);

-- --------------------------------------------------------

--
-- Estructura de tabla para la tabla `Marcas`
--

CREATE TABLE `Marcas` (
  `idMarca` int(11) NOT NULL,
  `marca` varchar(45) NOT NULL
) ENGINE=InnoDB DEFAULT CHARSET=utf8;

--
-- Volcado de datos para la tabla `Marcas`
--

INSERT INTO `Marcas` (`idMarca`, `marca`) VALUES
(1, 'Phillips'),
(2, 'Lenovo'),
(3, 'Motorola'),
(4, 'Samsung'),
(5, 'Xiaomi'),
(6, 'Nokia'),
(7, 'Apple'),
(8, 'LG');

-- --------------------------------------------------------

--
-- Estructura de tabla para la tabla `pais`
--

CREATE TABLE `pais` (
  `idpais` int(11) NOT NULL,
  `nombrePais` varchar(45) NOT NULL
) ENGINE=InnoDB DEFAULT CHARSET=utf8;

--
-- Volcado de datos para la tabla `pais`
--

INSERT INTO `pais` (`idpais`, `nombrePais`) VALUES
(1, 'Argentina'),
(2, 'Brasil'),
(3, 'venezuela');

-- --------------------------------------------------------

--
-- Estructura de tabla para la tabla `productos`
--

CREATE TABLE `productos` (
  `idProductos` int(11) NOT NULL,
  `titulo` varchar(45) NOT NULL,
  `precio` int(11) NOT NULL,
  `stock` int(11) NOT NULL,
  `imgProducto` int(11) NOT NULL,
  `id_marca` int(11) NOT NULL,
  `id_categorias` int(11) DEFAULT NULL
) ENGINE=InnoDB DEFAULT CHARSET=utf8;

--
-- Volcado de datos para la tabla `productos`
--

INSERT INTO `productos` (`idProductos`, `titulo`, `precio`, `stock`, `imgProducto`, `id_marca`, `id_categorias`) VALUES
(9, 'Celular 1', 2300, 2, 10, 3, 2),
(10, 'Celular 2', 3400, 3, 11, 4, 2),
(11, 'Celular 3', 4500, 5, 12, 3, 2),
(12, 'Celular 4', 1300, 1, 13, 8, 2),
(13, 'Celular 5', 4000, 7, 14, 3, 2),
(14, 'Celular 6', 10000, 2, 15, 4, 2),
(15, 'Celular 7', 7000, 3, 16, 5, 2),
(16, 'Celular 8', 5131, 5, 17, 5, 2),
(17, 'Celular 9', 2322, 1, 18, 5, 2);

-- --------------------------------------------------------

--
-- Estructura de tabla para la tabla `provincias`
--

CREATE TABLE `provincias` (
  `idprovincias` int(11) NOT NULL,
  `nombreProvincia` varchar(45) NOT NULL,
  `id_pais` int(11) NOT NULL
) ENGINE=InnoDB DEFAULT CHARSET=utf8;

--
-- Volcado de datos para la tabla `provincias`
--

INSERT INTO `provincias` (`idprovincias`, `nombreProvincia`, `id_pais`) VALUES
(1, 'Cordoba', 1),
(2, 'BuenosAires', 1),
(3, 'Bahia', 2);

-- --------------------------------------------------------

--
-- Estructura de tabla para la tabla `usuarios`
--

CREATE TABLE `usuarios` (
  `idUsuarios` int(11) NOT NULL,
  `nombre` varchar(45) NOT NULL,
  `apellido` varchar(45) NOT NULL,
  `contrasena` varchar(45) NOT NULL,
  `usuario` varchar(45) NOT NULL,
  `email` varchar(255) NOT NULL,
  `imgPerfil` varchar(45) NOT NULL,
  `id_ciudad` int(11) NOT NULL,
  `productos` int(11) DEFAULT NULL
) ENGINE=InnoDB DEFAULT CHARSET=utf8;

--
-- Volcado de datos para la tabla `usuarios`
--

INSERT INTO `usuarios` (`idUsuarios`, `nombre`, `apellido`, `contrasena`, `usuario`, `email`, `imgPerfil`, `id_ciudad`, `productos`) VALUES
(1, 'Nicolas', 'Morero', '123456', 'nico2000', 'nmorero00@gmail.com', 'perfil.jpg', 1, NULL),
(2, 'ignacio', 'morero', '123456', 'ignamo', 'ignamorero@gmail.com', 'perfil.jpeg', 3, NULL),
(5, 'jose', 'morero', '123456', 'josemo', 'jose@gmail.com', 'perfil.jpeg', 1, NULL),
(10, 'ivan', 'morero', '12345', 'iamo', 'iamorero@mail.com', 'perfil.jpeg', 1, NULL);

-- --------------------------------------------------------

--
-- Estructura de tabla para la tabla `ventas`
--

CREATE TABLE `ventas` (
  `idVentas` int(11) NOT NULL,
  `id_usuario` int(11) NOT NULL,
  `id_producto` int(11) NOT NULL,
  `cantidad` int(11) NOT NULL
) ENGINE=InnoDB DEFAULT CHARSET=utf8;

--
-- Índices para tablas volcadas
--

--
-- Indices de la tabla `categorias`
--
ALTER TABLE `categorias`
  ADD PRIMARY KEY (`idCategorias`),
  ADD UNIQUE KEY `idCategorias_UNIQUE` (`idCategorias`),
  ADD KEY `categoria_subcategoria_foreign_idx` (`id_subcategorias`);

--
-- Indices de la tabla `ciudad`
--
ALTER TABLE `ciudad`
  ADD PRIMARY KEY (`idCiudad`),
  ADD UNIQUE KEY `idCiudad_UNIQUE` (`idCiudad`),
  ADD KEY `ciudad_provincias_foreign_idx` (`id_provincia`);

--
-- Indices de la tabla `compra`
--
ALTER TABLE `compra`
  ADD PRIMARY KEY (`idCompra`),
  ADD UNIQUE KEY `idCompra_UNIQUE` (`idCompra`),
  ADD KEY `compra_usuario_foreign_idx` (`id_usuario`),
  ADD KEY `compra_producto_foreign_idx` (`id_producto`);

--
-- Indices de la tabla `imagenes`
--
ALTER TABLE `imagenes`
  ADD PRIMARY KEY (`id`);

--
-- Indices de la tabla `Marcas`
--
ALTER TABLE `Marcas`
  ADD PRIMARY KEY (`idMarca`),
  ADD UNIQUE KEY `idProductos_UNIQUE` (`idMarca`);

--
-- Indices de la tabla `pais`
--
ALTER TABLE `pais`
  ADD PRIMARY KEY (`idpais`),
  ADD UNIQUE KEY `idpais_UNIQUE` (`idpais`);

--
-- Indices de la tabla `productos`
--
ALTER TABLE `productos`
  ADD PRIMARY KEY (`idProductos`),
  ADD UNIQUE KEY `idProductos_UNIQUE` (`idProductos`),
  ADD KEY `producto_marca_foreign_idx` (`id_marca`),
  ADD KEY `producto_categoria_foreign_idx` (`id_categorias`),
  ADD KEY `producto_imagen_foreign` (`imgProducto`);

--
-- Indices de la tabla `provincias`
--
ALTER TABLE `provincias`
  ADD PRIMARY KEY (`idprovincias`),
  ADD UNIQUE KEY `idprovincias_UNIQUE` (`idprovincias`),
  ADD KEY `provincia_pais_foreign_idx` (`id_pais`);

--
-- Indices de la tabla `usuarios`
--
ALTER TABLE `usuarios`
  ADD PRIMARY KEY (`idUsuarios`),
  ADD UNIQUE KEY `idUsuarios_UNIQUE` (`idUsuarios`),
  ADD UNIQUE KEY `Usuario_UNIQUE` (`usuario`),
  ADD UNIQUE KEY `Email_UNIQUE` (`email`),
  ADD KEY `usuario_ciudad_foreign_idx` (`id_ciudad`),
  ADD KEY `usuario_producto_foreign_idx` (`productos`);

--
-- Indices de la tabla `ventas`
--
ALTER TABLE `ventas`
  ADD PRIMARY KEY (`idVentas`),
  ADD UNIQUE KEY `idVentas_UNIQUE` (`idVentas`),
  ADD KEY `usuario_venta_foreign_idx` (`id_usuario`),
  ADD KEY `producto_venta_foreign_idx` (`id_producto`);

--
-- AUTO_INCREMENT de las tablas volcadas
--

--
-- AUTO_INCREMENT de la tabla `categorias`
--
ALTER TABLE `categorias`
  MODIFY `idCategorias` int(11) NOT NULL AUTO_INCREMENT, AUTO_INCREMENT=3;

--
-- AUTO_INCREMENT de la tabla `ciudad`
--
ALTER TABLE `ciudad`
  MODIFY `idCiudad` int(11) NOT NULL AUTO_INCREMENT, AUTO_INCREMENT=4;

--
-- AUTO_INCREMENT de la tabla `compra`
--
ALTER TABLE `compra`
  MODIFY `idCompra` int(11) NOT NULL AUTO_INCREMENT, AUTO_INCREMENT=2;

--
-- AUTO_INCREMENT de la tabla `imagenes`
--
ALTER TABLE `imagenes`
  MODIFY `id` int(11) NOT NULL AUTO_INCREMENT, AUTO_INCREMENT=19;

--
-- AUTO_INCREMENT de la tabla `Marcas`
--
ALTER TABLE `Marcas`
  MODIFY `idMarca` int(11) NOT NULL AUTO_INCREMENT, AUTO_INCREMENT=9;

--
-- AUTO_INCREMENT de la tabla `pais`
--
ALTER TABLE `pais`
  MODIFY `idpais` int(11) NOT NULL AUTO_INCREMENT, AUTO_INCREMENT=4;

--
-- AUTO_INCREMENT de la tabla `productos`
--
ALTER TABLE `productos`
  MODIFY `idProductos` int(11) NOT NULL AUTO_INCREMENT, AUTO_INCREMENT=18;

--
-- AUTO_INCREMENT de la tabla `provincias`
--
ALTER TABLE `provincias`
  MODIFY `idprovincias` int(11) NOT NULL AUTO_INCREMENT, AUTO_INCREMENT=4;

--
-- AUTO_INCREMENT de la tabla `usuarios`
--
ALTER TABLE `usuarios`
  MODIFY `idUsuarios` int(11) NOT NULL AUTO_INCREMENT, AUTO_INCREMENT=11;

--
-- AUTO_INCREMENT de la tabla `ventas`
--
ALTER TABLE `ventas`
  MODIFY `idVentas` int(11) NOT NULL AUTO_INCREMENT;

--
-- Restricciones para tablas volcadas
--

--
-- Filtros para la tabla `categorias`
--
ALTER TABLE `categorias`
  ADD CONSTRAINT `categoria_subcategoria_foreign` FOREIGN KEY (`id_subcategorias`) REFERENCES `categorias` (`idCategorias`) ON DELETE NO ACTION ON UPDATE NO ACTION;

--
-- Filtros para la tabla `ciudad`
--
ALTER TABLE `ciudad`
  ADD CONSTRAINT `ciudad_provincias_foreign` FOREIGN KEY (`id_Provincia`) REFERENCES `provincias` (`idprovincias`) ON DELETE NO ACTION ON UPDATE NO ACTION;

--
-- Filtros para la tabla `compra`
--
ALTER TABLE `compra`
  ADD CONSTRAINT `compra_producto_foreign` FOREIGN KEY (`id_producto`) REFERENCES `productos` (`idProductos`) ON DELETE NO ACTION ON UPDATE NO ACTION,
  ADD CONSTRAINT `compra_usuario_foreign` FOREIGN KEY (`id_usuario`) REFERENCES `usuarios` (`idUsuarios`) ON DELETE NO ACTION ON UPDATE NO ACTION;

--
-- Filtros para la tabla `productos`
--
ALTER TABLE `productos`
  ADD CONSTRAINT `producto_categoria_foreign` FOREIGN KEY (`id_categorias`) REFERENCES `categorias` (`idCategorias`) ON DELETE NO ACTION ON UPDATE NO ACTION,
  ADD CONSTRAINT `producto_imagen_foreign` FOREIGN KEY (`imgProducto`) REFERENCES `imagenes` (`id`) ON DELETE NO ACTION ON UPDATE NO ACTION,
  ADD CONSTRAINT `producto_marca_foreign` FOREIGN KEY (`id_marca`) REFERENCES `Marcas` (`idMarca`) ON DELETE NO ACTION ON UPDATE NO ACTION;

--
-- Filtros para la tabla `provincias`
--
ALTER TABLE `provincias`
  ADD CONSTRAINT `provincia_pais_foreign` FOREIGN KEY (`id_pais`) REFERENCES `pais` (`idpais`) ON DELETE NO ACTION ON UPDATE NO ACTION;

--
-- Filtros para la tabla `usuarios`
--
ALTER TABLE `usuarios`
  ADD CONSTRAINT `usuario_ciudad_foreign` FOREIGN KEY (`id_Ciudad`) REFERENCES `ciudad` (`idCiudad`) ON DELETE NO ACTION ON UPDATE NO ACTION,
  ADD CONSTRAINT `usuario_producto_foreign` FOREIGN KEY (`productos`) REFERENCES `productos` (`idProductos`) ON DELETE NO ACTION ON UPDATE NO ACTION;

--
-- Filtros para la tabla `ventas`
--
ALTER TABLE `ventas`
  ADD CONSTRAINT `producto_venta_foreign` FOREIGN KEY (`id_producto`) REFERENCES `productos` (`idProductos`) ON DELETE NO ACTION ON UPDATE NO ACTION,
  ADD CONSTRAINT `usuario_venta_foreign` FOREIGN KEY (`id_usuario`) REFERENCES `usuarios` (`idUsuarios`) ON DELETE NO ACTION ON UPDATE NO ACTION;
COMMIT;

/*!40101 SET CHARACTER_SET_CLIENT=@OLD_CHARACTER_SET_CLIENT */;
/*!40101 SET CHARACTER_SET_RESULTS=@OLD_CHARACTER_SET_RESULTS */;
/*!40101 SET COLLATION_CONNECTION=@OLD_COLLATION_CONNECTION */;
